dlc_type,ms_type,series,song_title,diff_basic,diff_expert,diff_ultimate,diff_supreme,length_secs,trig_basic,trig_expert,trig_ultimate,trig_supreme,,,,,,,,,,,,,,,
DLC,BMS,Bravely Default,"Spurred into Flight, Drenched and Fallen - The Night Rises",3,6,9,12,170,275,420,723,838,,,,,,,,,,,,,,,
DLC,BMS,Bravely Default,That of the Name,3,6,10,13,173,177,322,705,925,,,,,,,,,,,,,,,
DLC,BMS,Bravely Default,The Evil Wings,3,6,10,,247,300,532,977,,,,,,,,,,,,,,,,
DLC,FMS,Bravely Default,The Horizon: Endless Light and Shadow,2,4,7,,126,155,214,315,,,,,,,,,,,,,,,,
DLC,BMS,Bravely Default,The Ones Who Gather Stars in the Night,3,6,10,14,246,425,568,988,1379,,,,,,,,,,,,,,,
DLC,BMS,Bravely Default,"Uroboros, the Serpent That Devours the Horizon",3,5,9,,224,306,391,739,,,,,,,,,,,,,,,,
DLC,BMS,Chrono,Battle with Magus,3,5,9,13,136,146,251,372,525,,,,,,,,,,,,,,,
DLC,BMS,Chrono,Boss Battle 2,3,5,9,13,118,142,209,299,497,,,,,,,,,,,,,,,
DLC,BMS,Chrono,Chrono Cross -Scars of Time-,2,5,7,,144,120,209,308,,,,,,,,,,,,,,,,
DLC,BMS,Chrono,Chrono Trigger,2,4,9,12,122,121,196,323,518,,,,,,,,,,,,,,,
DLC,FMS,Chrono,Corridors of Time,2,4,9,,135,137,254,422,,,,,,,,,,,,,,,,
DLC,BMS,Chrono,Frog's Theme,2,5,9,,98,113,168,310,,,,,,,,,,,,,,,,
DLC,FMS,Chrono,Radical Dreamers -Le Trésor Interdit-,2,4,7,,124,149,176,270,,,,,,,,,,,,,,,,
DLC,FMS,Chrono,Robo's Theme,2,4,7,,147,228,276,354,,,,,,,,,,,,,,,,
DLC,FMS,Chrono,To Far Away Times,3,4,9,,262,314,449,721,,,,,,,,,,,,,,,,
DLC,FMS,Chrono,Wind Scene,3,5,9,,122,126,184,301,,,,,,,,,,,,,,,,
DLC,FMS,Chrono,Wings That Cross Time,2,5,9,13,189,264,394,495,591,,,,,,,,,,,,,,,
DLC,BMS,Chrono,World Revolution,2,4,9,14,124,125,215,353,640,,,,,,,,,,,,,,,
,FMS,Crystal Chronicles,FFCCR: Across the Divide,4,5,10,13,123,145,229,428,643,,,,,,,,,,,,,,,
,BMS,Crystal Chronicles,FFCCR: Monster Ronde,3,4,8,12,141,183,268,394,642,,,,,,,,,,,,,,,
,EMS,Crystal Chronicles,FFCCR: Moonless Starry Night,2,4,6,,122,67,79,109,,,,,,,,,,,,,,,,
,FMS,Crystal Chronicles,FFCCR: Promised Grace,3,5,10,,106,133,216,352,,,,,,,,,,,,,,,,
DX,FMS,Crystal Chronicles,FFCCR: Sound of the Wind,3,6,9,,136,181,232,279,,,,,,,,,,,,,,,,
,FMS,Crystal Chronicles,FFCCR: Today Comes To Be Tomorrow,2,4,8,,121,152,213,283,,,,,,,,,,,,,,,,
,BMS,Crystal Chronicles,"FFCCR: United, Heaven-Sent",3,5,8,,159,186,273,426,,,,,,,,,,,,,,,,
,BMS,Crystal Chronicles,FFCCR: Woebegone Creature,3,5,9,14,203,261,292,459,795,,,,,,,,,,,,,,,
,BMS,Crystal Chronicles,This Is the End for You!,3,6,9,13,163,242,345,538,779,,,,,,,,,,,,,,,
,BMS,Dissidia,"""Antipyretic"" from FINAL FANTASY TACTICS (Arrangement)",3,5,8,12,127,181,289,368,523,,,,,,,,,,,,,,,
,BMS,Dissidia,"""Dancing Mad"" from FINAL FANTASY VI (Arrangement)",3,6,9,14,113,149,278,361,617,,,,,,,,,,,,,,,
,BMS,Dissidia,"""Eternal Wind"" from FINAL FANTASY III (DFF Arrangement)",3,4,8,,134,158,246,388,,,,,,,,,,,,,,,,
,BMS,Dissidia,"""Ominous Prognisticks"" from FINAL FANTASY XIV (Arrangement)",3,5,8,,116,185,251,346,,,,,,,,,,,,,,,,
,BMS,Dissidia,"""The Beginning of the End"" from FINAL FANTASY TYPE-0 (Arrangement)",2,4,9,,157,195,250,415,,,,,,,,,,,,,,,,
,BMS,Dissidia,"""The Rebel Army"" from FINAL FANTASY II (Arrangement)",4,5,10,13,122,178,294,441,632,,,,,,,,,,,,,,,
,BMS,Dissidia,Battle 1 - arrange - from FINAL FANTASY IX,3,5,9,,114,144,184,362,,,,,,,,,,,,,,,,
,BMS,Dissidia,Cantata Mortis from DISSIDIA 012[duodecim] FINAL FANTASY,3,6,9,,210,310,398,493,,,,,,,,,,,,,,,,
,FMS,Dissidia,Canto Mortis -An Undocumented Battle- from DISSIDIA 012[duodecim] FINAL FANTASY,2,5,7,,145,168,206,296,,,,,,,,,,,,,,,,
,BMS,Dissidia,Dare to Defy,2,5,7,11,151,148,176,236,351,,,,,,,,,,,,,,,
,BMS,Dissidia,DISSIDIA - ending - from DISSIDIA FINAL FANTASY,2,5,7,,90,99,159,228,,,,,,,,,,,,,,,,
,BMS,Dissidia,DISSIDIA 012[duodecim] FINAL FANTASY [FINAL TRAILER],3,5,9,,132,170,269,396,,,,,,,,,,,,,,,,
,BMS,Dissidia,DISSIDIA FINAL FANTASY [FINAL TRAILER],3,5,8,,166,210,265,478,,,,,,,,,,,,,,,,
,FMS,Dissidia,Gate to the Rift from DISSIDIA 012[duodecim] FINAL FANTASY,3,4,8,,150,224,283,419,,,,,,,,,,,,,,,,
,BMS,Dissidia,God in Fire - arrange - from DISSIDIA FINAL FANTASY,2,4,7,11,121,150,212,301,450,,,,,,,,,,,,,,,
,FMS,Dissidia,Keeping the Peace from DISSIDIA FINAL FANTASY,2,4,7,,138,154,205,284,,,,,,,,,,,,,,,,
,EMS,Dissidia,Lux Concordiae from DISSIDIA 012[duodecim] FINAL FANTASY,1,4,6,,84,61,70,76,,,,,,,,,,,,,,,,
,BMS,Dissidia,Massive Explosion (Short ver.) from DISSIDIA FINAL FANTASY -Arcade-,2,4,7,,130,133,189,307,,,,,,,,,,,,,,,,
,BMS,Dissidia,Spark from DISSIDIA FINAL FANTASY OPERA OMNIA,3,4,7,,92,161,206,255,,,,,,,,,,,,,,,,
,BMS,Dissidia,The Decisive Battle - arrange - from FINAL FANTASY VI,3,5,9,,111,137,197,299,,,,,,,,,,,,,,,,
,BMS,Dissidia,The Troops' Advance from DISSIDIA FINAL FANTASY,2,4,7,,118,149,216,329,,,,,,,,,,,,,,,,
,BMS,FF Fables,Dungeon Hero X's Theme,3,6,9,14,133,191,264,418,751,,,,,,,,,,,,,,,
,BMS,FF Fables,Guardian of the Dark II,3,5,9,,175,217,349,511,,,,,,,,,,,,,,,,
,BMS,FF Fables,Leviathan Battle,3,5,9,,130,171,351,527,,,,,,,,,,,,,,,,
,BMS,FF Fables,Pop-Up Duel,3,5,9,13,123,164,255,403,692,,,,,,,,,,,,,,,
,BMS,FF Fables,Raffaello Battle,3,5,10,14,144,195,296,471,732,,,,,,,,,,,,,,,
,BMS,FF Mystic Quest,Battle 1,3,4,9,,130,171,233,447,,,,,,,,,,,,,,,,
,BMS,FF Mystic Quest,Battle 2,3,5,8,15,98,143,216,319,597,,,,,,,,,,,,,,,
,BMS,FF Mystic Quest,Battle 3,4,5,10,14,124,161,244,447,669,,,,,,,,,,,,,,,
,FMS,FF Mystic Quest,Doom Castle,3,5,9,13,117,153,238,393,598,,,,,,,,,,,,,,,
,BMS,FF Mystic Quest,Hill of Destiny,4,6,10,14,115,230,292,434,801,,,,,,,,,,,,,,,
,BMS,FF Record Keeper,Battle at the Big Bridge~Ver.2~ FFRK Ver. arrange,3,5,10,14,123,197,278,472,617,,,,,,,,,,,,,,,
,BMS,FF Record Keeper,Blinded By Light FFRK Ver. arrange from FFXIII,3,5,9,11,126,189,260,375,473,,,,,,,,,,,,,,,
,BMS,FF Record Keeper,Chaos Shrine FFRK Ver. arrange from FFI,2,5,8,11,129,142,187,303,655,,,,,,,,,,,,,,,
,BMS,FF Record Keeper,Stand Your Ground FFRK Ver. arrange from FFXV,3,5,9,12,110,115,178,243,435,,,,,,,,,,,,,,,
,BMS,FF Record Keeper,The Chase FFRK Ver. arrange from FFVII,3,5,10,12,134,194,278,488,678,,,,,,,,,,,,,,,
,BMS,FF Record Keeper,The Decisive Battle FFRK Ver. arrange from FFVI,4,6,10,13,125,204,317,468,611,,,,,,,,,,,,,,,
,BMS,FF Record Keeper,The Man with the Machine Gun FFRK Ver. arrange from FFVIII,3,5,9,,115,149,210,344,,,,,,,,,,,,,,,,
,BMS,FF Record Keeper,UTAKATA FFRK Ver. arrange from FFType-0,3,6,8,,116,194,245,335,,,,,,,,,,,,,,,,
DX,BMS,FF Series,Acoustic: The Decisive Battle,3,5,8,,126,156,323,398,,,,,,,,,,,,,,,,
DX,BMS,FF Series,Aerith's Theme -Collab Arrangement-,2,4,8,,130,112,194,266,,,,,,,,,,,,,,,,
DX,BMS,FF Series,Band: A Long Fall,3,6,10,13,260,496,627,833,1116,,,,,,,,,,,,,,,
DX,BMS,FF Series,Band:Rise,4,6,10,15,224,391,662,913,1342,,,,,,,,,,,,,,,
,BMS,FF Series,Battle at the Big Bridge,2,5,9,11,117,177,238,416,539,,,,,,,,,,,,,,,
DX,BMS,FF Series,Battle at the Big Bridge -Modulation ver.- from FINAL FANTASY V,3,7,10,15,201,317,425,853,1429,,,,,,,,,,,,,,,
DX,BMS,FF Series,Battle SQ : FINAL FANTASY IX Not Alone,3,5,9,12,126,130,206,390,481,,,,,,,,,,,,,,,
DX,BMS,FF Series,Battle Theme 2 -Modulation ver.- from FINAL FANTASY II,4,7,11,,115,169,423,726,,,,,,,,,,,,,,,,
,BMS,FF Series,Battle: Chaos Advent,3,5,9,14,187,291,388,449,805,,,,,,,,,,,,,,,
,BMS,FF Series,"Battle: False Knight - Motif from ""Battle""",3,5,9,12,164,173,286,383,706,,,,,,,,,,,,,,,
DX,BMS,FF Series,Blinded By Light Jazz Arrangement,2,5,7,,112,171,231,356,,,,,,,,,,,,,,,,
DX,BMS,FF Series,Clash on the Big Bridge (FINAL FANTASY V),3,5,9,13,141,202,312,376,746,,,,,,,,,,,,,,,
DX,FMS,FF Series,Cosmo Canyon -Collab Arrangement-,3,5,8,,150,159,267,378,,,,,,,,,,,,,,,,
,FMS,FF Series,FF Medley,3,5,8,,205,272,360,468,,,,,,,,,,,,,,,,
,BMS,FF Series,Fiend Encounter,3,5,9,12,108,158,196,307,389,,,,,,,,,,,,,,,
DX,BMS,FF Series,Fighters of the Crystal,2,5,9,,200,220,304,552,,,,,,,,,,,,,,,,
,BMS,FF Series,Jack's Theme,3,6,9,,137,161,198,333,,,,,,,,,,,,,,,,
,FMS,FF Series,Mambo de Chocobo,3,4,8,,195,251,356,554,,,,,,,,,,,,,,,,
,FMS,FF Series,Moogles' Theme,2,4,7,,170,178,274,407,,,,,,,,,,,,,,,,
DX,FMS,FF Series,More SQ: FINAL FANTASY Dugem DE Chocobo,3,5,9,14,138,300,419,479,760,,,,,,,,,,,,,,,
,BMS,FF Series,Opening Theme,3,4,7,12,254,324,489,686,1007,,,,,,,,,,,,,,,
DX,FMS,FF Series,"SQ Chips: FINAL FANTASY III ""Go above the Clouds!~The Invincible""",4,7,10,15,195,348,530,720,1193,,,,,,,,,,,,,,,
,FMS,FF Series,The 4 Heroes of Light,3,5,8,,128,234,334,444,,,,,,,,,,,,,,,,
DX,BMS,FF Series,The Skies Above,2,5,8,,119,152,215,307,,,,,,,,,,,,,,,,
,BMS,FF Series,World of Battle,2,4,9,,159,172,259,431,,,,,,,,,,,,,,,,
,BMS,FF Tactics,Antipyretic,3,5,10,,111,190,271,362,,,,,,,,,,,,,,,,
,BMS,FF Tactics,Apoplexy,3,6,10,13,124,174,293,449,630,,,,,,,,,,,,,,,
,EMS,FF Tactics,Opening,2,4,6,,73,60,83,159,,,,,,,,,,,,,,,,
,FMS,FF Tactics,Ovelia's Theme,2,4,6,,153,164,268,377,,,,,,,,,,,,,,,,
,BMS,FF Tactics,Precipitous Combat,4,6,10,12,105,183,239,375,399,,,,,,,,,,,,,,,
,FMS,FF Tactics,Prologue,3,4,7,,173,163,286,428,,,,,,,,,,,,,,,,
,BMS,FF Tactics,Trisection,3,4,9,12,144,228,271,499,839,,,,,,,,,,,,,,,
,BMS,FF Tactics,Ultima's Transformation,2,4,7,12,130,183,249,405,623,,,,,,,,,,,,,,,
,FMS,FF Type-0,Soar,2,5,8,,115,134,172,266,,,,,,,,,,,,,,,,
,FMS,FF Type-0,Tempus Finis,3,5,8,,163,192,277,429,,,,,,,,,,,,,,,,
,FMS,FF Type-0,The Earth Under Our Feet,2,5,7,,115,133,183,266,,,,,,,,,,,,,,,,
,BMS,FF Type-0,Vermillion Fire,3,5,10,,180,225,298,472,,,,,,,,,,,,,,,,
,BMS,FF Type-0,War: The White Weapon,3,5,9,12,116,206,270,431,533,,,,,,,,,,,,,,,
,BMS,FF Type-0,War: Warrior Worth a Thousand,3,6,9,,157,201,341,462,,,,,,,,,,,,,,,,
,BMS,FF Type-0,We Have Come,3,4,7,12,134,161,236,346,455,,,,,,,,,,,,,,,
,EMS,FF Type-0,We Have Come (EMS),3,6,9,,137,200,254,365,,,,,,,,,,,,,,,,
DX,BMS,FF Type-0,Zero,2,5,9,12,226,268,422,550,814,,,,,,,,,,,,,,,
,BMS,FF7:Remake,FFVII REMAKE: Bombing Mission,3,5,9,,190,224,419,570,,,,,,,,,,,,,,,,
,FMS,FF7:Remake,FFVII REMAKE: Collapsed Expressway,2,4,8,11,139,220,281,475,577,,,,,,,,,,,,,,,
,BMS,FF7:Remake,FFVII REMAKE: High Five,3,5,9,11,193,230,317,484,777,,,,,,,,,,,,,,,
,BMS,FF7:Remake,FFVII REMAKE: J-E-N-O-V-A - Quickening,3,6,8,12,137,119,244,324,591,,,,,,,,,,,,,,,
,BMS,FF7:Remake,FFVII REMAKE: Let the Battles Begin! - A Merc's Job,3,6,9,,157,243,346,516,,,,,,,,,,,,,,,,
,FMS,FF7:Remake,FFVII REMAKE: Main Theme of FFVII - Sector 7 Undercity,1,4,8,,161,177,224,288,,,,,,,,,,,,,,,,
,FMS,FF7:Remake,FFVII REMAKE: Midgar Expressway,3,5,10,14,132,188,255,470,662,,,,,,,,,,,,,,,
,BMS,FF7:Remake,FFVII REMAKE: One-Winged Angel - Rebirth,3,5,9,13,223,258,389,689,875,,,,,,,,,,,,,,,
,BMS,FF7:Remake,FFVII REMAKE: The Airbuster,4,6,10,14,220,420,481,762,1129,,,,,,,,,,,,,,,
,FMS,FF7:Remake,FFVII REMAKE: Tifa's Theme - Seventh Heaven,1,4,7,,189,199,228,382,,,,,,,,,,,,,,,,
,EMS,FF7:Remake,Hollow,3,5,8,,210,182,190,224,,,,,,,,,,,,,,,,
,FMS,FFVII Series,A Flower Blooming in the Slums (from FFVII 'Aerith's Theme'),2,4,8,,134,147,199,291,,,,,,,,,,,,,,,,
,BMS,FFVII Series,Advent: One-Winged Angel,4,6,10,16,365,550,874,1198,2182,,,,,,,,,,,,,,,
,EMS,FFVII Series,Advent: One-Winged Angel (EMS),3,5,8,,145,193,275,338,,,,,,,,,,,,,,,,
,FMS,FFVII Series,Aerith's Theme (Piano Version),2,4,7,,123,136,221,319,,,,,,,,,,,,,,,,
,BMS,FFVII Series,Battle in the Forgotten City,3,5,9,,149,191,305,454,,,,,,,,,,,,,,,,
,BMS,FFVII Series,Beyond the Wasteland,3,6,9,,114,195,247,377,,,,,,,,,,,,,,,,
,FMS,FFVII Series,Cloud Smiles,3,5,8,,175,188,278,409,,,,,,,,,,,,,,,,
,EMS,FFVII Series,CRISIS CORE Theme - Succession,2,5,8,,112,101,187,235,,,,,,,,,,,,,,,,
,BMS,FFVII Series,Divinity II,3,6,10,13,161,198,279,454,598,,,,,,,,,,,,,,,
,BMS,FFVII Series,Encounter,3,5,9,14,106,156,232,357,603,,,,,,,,,,,,,,,
,BMS,FFVII Series,J-E-N-O-V-A (AC Version),3,5,10,,163,202,305,517,,,,,,,,,,,,,,,,
,BMS,FFVII Series,Last Order,3,4,7,,147,189,315,400,,,,,,,,,,,,,,,,
,BMS,FFVII Series,The Price of Freedom,3,4,8,,110,159,210,302,,,,,,,,,,,,,,,,
,BMS,FFVII Series,The SOLDIER Way,3,5,7,13,116,167,245,333,540,,,,,,,,,,,,,,,
,BMS,FFVII Series,Those Who Fight (Piano Version),3,5,8,,150,229,361,570,,,,,,,,,,,,,,,,
,FMS,FFVII Series,Timely Ambush (from FFVII 'Let the Battles Begin!'),3,5,9,,120,208,266,468,,,,,,,,,,,,,,,,
DX,BMS,FFVII Series,Why,2,4,7,,144,171,246,312,,,,,,,,,,,,,,,,
,BMS,FFXIII Series,Chaos,3,6,9,,127,190,232,393,,,,,,,,,,,,,,,,
,FMS,FFXIII Series,Crazy Chocobo,4,7,10,14,117,203,315,488,732,,,,,,,,,,,,,,,
,BMS,FFXIII Series,Crimson Blitz,3,6,10,13,118,151,224,273,474,,,,,,,,,,,,,,,
,FMS,FFXIII Series,Eclipse,3,7,9,,163,204,294,530,,,,,,,,,,,,,,,,
,BMS,FFXIII Series,Etro's Champion,3,4,7,13,134,182,257,373,537,,,,,,,,,,,,,,,
,BMS,FFXIII Series,Full Speed Ahead,4,6,10,,233,303,398,638,,,,,,,,,,,,,,,,
,FMS,FFXIII Series,Groovy Chocobo,2,6,8,,110,131,244,326,,,,,,,,,,,,,,,,
,BMS,FFXIII Series,Heart of Chaos,3,5,10,14,161,194,334,497,822,,,,,,,,,,,,,,,
,FMS,FFXIII Series,Historia Crux,2,5,9,,115,141,226,359,,,,,,,,,,,,,,,,
,BMS,FFXIII Series,LIGHTNING RETURNS - LIGHTNING RETURNS:FINAL FANTASY XIII -,4,5,9,11,133,170,219,481,567,,,,,,,,,,,,,,,
,FMS,FFXIII Series,Noel's Theme - Final Journey -,2,4,7,,136,154,223,286,,,,,,,,,,,,,,,,
,BMS,FFXIII Series,Paradigm Shift,4,5,9,13,180,222,259,373,660,,,,,,,,,,,,,,,
,FMS,FFXIII Series,Plains of Eternity,2,4,7,,110,124,153,228,,,,,,,,,,,,,,,,
,FMS,FFXIII Series,The Dead Dunes,2,4,8,,174,210,319,463,,,,,,,,,,,,,,,,
,FMS,FFXIII Series,The Glittering City of Yusnaan,3,5,8,,167,253,340,474,,,,,,,,,,,,,,,,
,BMS,FFXIII Series,The Last Hunter,2,4,10,,142,164,296,431,,,,,,,,,,,,,,,,
,BMS,FFXIII Series,The Savior - LIGHTNING RETURNS:FINAL FANTASY XIII -,3,5,10,14,149,225,310,518,765,,,,,,,,,,,,,,,
,EMS,FFXIII Series,The Savior - LIGHTNING RETURNS:FINAL FANTASY XIII - (EMS),2,5,8,,152,190,233,289,,,,,,,,,,,,,,,,
,EMS,FFXIII Series,Warrior Goddess,3,5,8,,129,150,204,241,,,,,,,,,,,,,,,,
,FMS,Final Fantasy,Airship,2,6,7,,91,134,202,240,,,,,,,,,,,,,,,,
,BMS,Final Fantasy,Battle,2,5,9,,127,149,275,379,,,,,,,,,,,,,,,,
,FMS,Final Fantasy,Castle Cornelia,2,5,9,,126,146,225,356,,,,,,,,,,,,,,,,
,BMS,Final Fantasy,Final Battle,3,5,9,12,105,161,246,355,468,,,,,,,,,,,,,,,
,FMS,Final Fantasy,Main Theme,3,5,8,,108,142,227,291,,,,,,,,,,,,,,,,
,FMS,Final Fantasy,Matoya's Cave,3,6,9,,103,145,227,309,,,,,,,,,,,,,,,,
,BMS,Final Fantasy,Miniboss Battle,3,5,10,12,121,177,269,445,575,,,,,,,,,,,,,,,
,FMS,Final Fantasy,Mt. Gulg,3,5,8,11,126,157,274,387,530,,,,,,,,,,,,,,,
,FMS,Final Fantasy,Opening Theme,3,5,8,,121,155,238,333,,,,,,,,,,,,,,,,
,EMS,Final Fantasy,Opening Theme (EMS),2,4,7,,124,192,251,274,,,,,,,,,,,,,,,,
,FMS,Final Fantasy,Sunken Shrine,3,5,8,,109,148,200,297,,,,,,,,,,,,,,,,
,BMS,Final Fantasy II,Battle Theme 1,3,5,9,13,126,163,300,470,893,,,,,,,,,,,,,,,
,BMS,Final Fantasy II,Battle Theme 2,3,5,8,13,129,152,259,401,688,,,,,,,,,,,,,,,
,BMS,Final Fantasy II,Battle Theme A,3,5,9,13,131,172,284,430,676,,,,,,,,,,,,,,,
,FMS,Final Fantasy II,Chocobo Theme,3,6,9,,68,105,138,200,,,,,,,,,,,,,,,,
,FMS,Final Fantasy II,Dungeon,2,5,9,,101,130,188,316,,,,,,,,,,,,,,,,
,FMS,Final Fantasy II,Finale,2,4,7,,91,112,151,220,,,,,,,,,,,,,,,,
,FMS,Final Fantasy II,Main Theme,3,4,7,,119,129,214,280,,,,,,,,,,,,,,,,
,FMS,Final Fantasy II,The Imperial Army,2,5,9,,126,141,215,365,,,,,,,,,,,,,,,,
,BMS,Final Fantasy II,The Rebel Army,3,5,9,,102,125,212,318,,,,,,,,,,,,,,,,
,EMS,Final Fantasy II,The Rebel Army (EMS),3,5,8,,105,157,241,285,,,,,,,,,,,,,,,,
,FMS,Final Fantasy II,Tower of the Magi,2,4,10,13,119,127,222,381,580,,,,,,,,,,,,,,,
,FMS,Final Fantasy II,Town,2,4,7,,103,102,168,228,,,,,,,,,,,,,,,,
,BMS,Final Fantasy III,Battle 1,3,5,9,13,128,162,282,421,638,,,,,,,,,,,,,,,
,BMS,Final Fantasy III,Battle 2,3,5,10,13,125,173,253,437,779,,,,,,,,,,,,,,,
,FMS,Final Fantasy III,Crystal Cave,3,6,8,,98,125,177,256,,,,,,,,,,,,,,,,
,FMS,Final Fantasy III,"Elia, the Maiden of Water",2,4,6,,121,102,148,191,,,,,,,,,,,,,,,,
,EMS,Final Fantasy III,"Elia, the Maiden of Water (EMS)",2,4,6,,124,102,146,154,,,,,,,,,,,,,,,,
,FMS,Final Fantasy III,Eternal Wind,3,5,9,12,121,141,248,349,506,,,,,,,,,,,,,,,
,FMS,Final Fantasy III,Forbidden Land,4,6,10,,89,126,202,304,,,,,,,,,,,,,,,,
,FMS,Final Fantasy III,Let Me Know the Truth,3,5,10,,121,144,257,469,,,,,,,,,,,,,,,,
,FMS,Final Fantasy III,Salonia,3,5,9,,99,130,211,331,,,,,,,,,,,,,,,,
,FMS,Final Fantasy III,The Boundless Ocean,3,5,8,,130,171,225,400,,,,,,,,,,,,,,,,
,FMS,Final Fantasy III,The Crystal Tower,2,4,10,12,104,123,159,331,546,,,,,,,,,,,,,,,
,FMS,Final Fantasy III,The Dark Crystals,2,4,8,,102,97,145,231,,,,,,,,,,,,,,,,
,FMS,Final Fantasy III,The Invincible,3,5,9,11,122,180,303,375,496,,,,,,,,,,,,,,,
,BMS,Final Fantasy III,This is the Last Battle,3,5,10,14,126,166,254,434,752,,,,,,,,,,,,,,,
DX,FMS,Final Fantasy III,Zephyr Memories -Legend of the Eternal Wind-,2,4,7,,181,183,245,295,,,,,,,,,,,,,,,,
,FMS,Final Fantasy IV,Another Moon,3,4,8,,116,137,193,306,,,,,,,,,,,,,,,,
,BMS,Final Fantasy IV,Battle 1,3,5,9,12,104,157,237,321,454,,,,,,,,,,,,,,,
,BMS,Final Fantasy IV,Battle 2,3,5,9,13,131,165,277,444,694,,,,,,,,,,,,,,,
,BMS,Final Fantasy IV,Battle with the Four Fiends,2,4,10,14,129,156,246,443,642,,,,,,,,,,,,,,,
,FMS,Final Fantasy IV,Lunar Whale,2,4,7,12,97,100,145,209,418,,,,,,,,,,,,,,,
,FMS,Final Fantasy IV,Main Theme of Final Fantasy IV,2,4,8,,125,142,190,350,,,,,,,,,,,,,,,,
,FMS,Final Fantasy IV,The Airship,4,6,9,,95,119,174,283,,,,,,,,,,,,,,,,
,BMS,Final Fantasy IV,The Final Battle,2,5,9,13,113,132,235,361,583,,,,,,,,,,,,,,,
,FMS,Final Fantasy IV,The Red Wings,3,6,10,,131,187,274,430,,,,,,,,,,,,,,,,
,FMS,Final Fantasy IV,Theme of Love,2,5,10,,135,177,256,467,,,,,,,,,,,,,,,,
,EMS,Final Fantasy IV,Theme of Love (EMS),2,5,7,,139,125,163,207,,,,,,,,,,,,,,,,
,FMS,Final Fantasy IV,Tower of Zot,3,6,10,,125,168,260,394,,,,,,,,,,,,,,,,
,FMS,Final Fantasy IV,Troian Beauty,3,5,8,,98,126,205,260,,,,,,,,,,,,,,,,
,FMS,Final Fantasy IV,Within the Giant,2,5,9,,128,138,252,351,,,,,,,,,,,,,,,,
,FMS,Final Fantasy IX,A Place to Call Home,3,4,8,,115,145,221,313,,,,,,,,,,,,,,,,
,FMS,Final Fantasy IX,Aboard the Hilda Garde,3,5,8,12,126,184,249,360,608,,,,,,,,,,,,,,,
,BMS,Final Fantasy IX,Battle 1,3,5,8,14,119,154,251,333,657,,,,,,,,,,,,,,,
,BMS,Final Fantasy IX,Battle 2,3,4,9,,118,193,259,365,,,,,,,,,,,,,,,,
,FMS,Final Fantasy IX,Behind the Door,2,4,8,,125,136,189,248,,,,,,,,,,,,,,,,
,EMS,Final Fantasy IX,Behind the Door (EMS),2,4,7,,128,107,132,195,,,,,,,,,,,,,,,,
,FMS,Final Fantasy IX,Dark City Treno,2,4,7,,159,211,375,436,,,,,,,,,,,,,,,,
,BMS,Final Fantasy IX,Festival of the Hunt,4,5,9,13,113,191,250,376,544,,,,,,,,,,,,,,,
,FMS,Final Fantasy IX,"Iifa, the Ancient Tree of Life",2,4,8,,136,169,217,253,,,,,,,,,,,,,,,,
,FMS,Final Fantasy IX,Ipsen's Castle,2,4,8,,106,118,162,268,,,,,,,,,,,,,,,,
DX,FMS,Final Fantasy IX,Melodies Of Life ~Final Fantasy,2,4,7,,140,170,222,321,,,,,,,,,,,,,,,,
,FMS,Final Fantasy IX,Not Alone,3,4,6,,129,157,201,271,,,,,,,,,,,,,,,,
,FMS,Final Fantasy IX,Over the Hill,2,4,6,,140,158,217,309,,,,,,,,,,,,,,,,
,FMS,Final Fantasy IX,Roses of May,3,6,9,,140,179,320,392,,,,,,,,,,,,,,,,
,BMS,Final Fantasy IX,Something to Protect,3,6,9,,117,188,287,401,,,,,,,,,,,,,,,,
,BMS,Final Fantasy IX,Swords of Fury,3,5,9,,137,161,253,436,,,,,,,,,,,,,,,,
,BMS,Final Fantasy IX,The Darkness of Eternity,3,4,9,13,169,197,341,497,795,,,,,,,,,,,,,,,
,BMS,Final Fantasy IX,The Final Battle,3,5,10,12,137,212,311,454,673,,,,,,,,,,,,,,,
,BMS,Final Fantasy IX,Vamo'alla flamenco,2,5,10,13,100,126,196,326,482,,,,,,,,,,,,,,,
,FMS,Final Fantasy IX,Vivi's Theme,2,4,8,,122,142,230,340,,,,,,,,,,,,,,,,
,FMS,Final Fantasy V,A New World,3,5,8,,123,172,238,323,,,,,,,,,,,,,,,,
,BMS,Final Fantasy V,Battle 1,3,5,8,12,128,146,271,375,474,,,,,,,,,,,,,,,
,BMS,Final Fantasy V,Battle 2,3,5,9,13,142,161,256,474,621,,,,,,,,,,,,,,,
,BMS,Final Fantasy V,Battle at the Big Bridge,2,5,9,13,128,148,288,431,729,,,,,,,,,,,,,,,
,FMS,Final Fantasy V,Four Hearts,3,4,8,12,126,149,214,366,536,,,,,,,,,,,,,,,
,FMS,Final Fantasy V,Harvest,2,5,8,12,99,141,204,264,544,,,,,,,,,,,,,,,
,FMS,Final Fantasy V,"Home, sweet Home",4,6,9,,122,177,286,356,,,,,,,,,,,,,,,,
,EMS,Final Fantasy V,"Home, sweet Home (EMS)",2,5,7,,125,156,237,252,,,,,,,,,,,,,,,,
,FMS,Final Fantasy V,In Search of Light,3,6,8,,131,167,259,329,,,,,,,,,,,,,,,,
,FMS,Final Fantasy V,Library of Ancients,4,6,10,,141,172,294,430,,,,,,,,,,,,,,,,
,BMS,Final Fantasy V,Main Theme of Final Fantasy V,3,4,8,,150,164,236,435,,,,,,,,,,,,,,,,
,FMS,Final Fantasy V,Mambo de Chocobo,4,6,9,14,118,168,284,388,555,,,,,,,,,,,,,,,
,FMS,Final Fantasy V,The Airship,3,5,8,,114,140,211,271,,,,,,,,,,,,,,,,
,BMS,Final Fantasy V,The Dawn Warriors,3,5,8,,128,161,266,379,,,,,,,,,,,,,,,,
,BMS,Final Fantasy V,The Decisive Battle,3,4,9,13,161,201,271,462,815,,,,,,,,,,,,,,,
,BMS,Final Fantasy V,The Final Battle,4,5,9,14,116,135,211,349,555,,,,,,,,,,,,,,,
,FMS,Final Fantasy V,To the North Mountain,2,5,8,,105,118,205,327,,,,,,,,,,,,,,,,
,BMS,Final Fantasy VI,Battle,3,5,10,14,116,174,289,425,612,,,,,,,,,,,,,,,
,BMS,Final Fantasy VI,Battle to the Death,3,5,10,11,125,224,333,536,744,,,,,,,,,,,,,,,
,FMS,Final Fantasy VI,Celes's Theme,2,4,9,,123,141,231,345,,,,,,,,,,,,,,,,
,EMS,Final Fantasy VI,Celes's Theme (EMS),2,4,7,,126,115,138,152,,,,,,,,,,,,,,,,
,BMS,Final Fantasy VI,Dancing Mad,2,4,8,13,120,122,221,296,514,,,,,,,,,,,,,,,
,FMS,Final Fantasy VI,Edgar & Sabin's Theme,2,5,9,12,118,136,204,327,414,,,,,,,,,,,,,,,
,BMS,Final Fantasy VI,Grand Finale,3,5,10,14,100,140,231,327,482,,,,,,,,,,,,,,,
,FMS,Final Fantasy VI,Kefka's Tower,3,5,8,,128,157,249,378,,,,,,,,,,,,,,,,
,BMS,Final Fantasy VI,Locke's Theme,3,4,7,,115,138,194,289,,,,,,,,,,,,,,,,
,BMS,Final Fantasy VI,Protect the Espers!,3,6,9,12,111,152,226,360,652,,,,,,,,,,,,,,,
,FMS,Final Fantasy VI,Searching for Friends,3,4,7,,118,147,197,268,,,,,,,,,,,,,,,,
,FMS,Final Fantasy VI,Terra's Theme,3,5,7,,117,148,242,290,,,,,,,,,,,,,,,,
,FMS,Final Fantasy VI,The Airship Blackjack,2,4,8,11,115,133,204,336,431,,,,,,,,,,,,,,,
,BMS,Final Fantasy VI,The Decisive Battle,2,5,9,13,117,150,277,374,524,,,,,,,,,,,,,,,
,BMS,Final Fantasy VII,Aerith's Theme,2,3,7,,125,159,211,223,,,,,,,,,,,,,,,,
,EMS,Final Fantasy VII,Aerith's Theme (EMS),2,4,7,,128,108,128,170,,,,,,,,,,,,,,,,
,BMS,Final Fantasy VII,Birth of a God,3,4,8,13,127,147,225,302,490,,,,,,,,,,,,,,,
,FMS,Final Fantasy VII,Cosmo Canyon,2,5,10,,110,108,213,351,,,,,,,,,,,,,,,,
,BMS,Final Fantasy VII,Fight On!,3,5,8,14,131,237,348,421,667,,,,,,,,,,,,,,,
,FMS,Final Fantasy VII,Gold Saucer,4,6,9,13,107,159,252,406,512,,,,,,,,,,,,,,,
,BMS,Final Fantasy VII,JENOVA,2,4,7,11,125,140,211,391,499,,,,,,,,,,,,,,,
,FMS,Final Fantasy VII,Judgment Day,3,5,8,,118,138,184,308,,,,,,,,,,,,,,,,
,BMS,Final Fantasy VII,Let the Battles Begin!,2,5,8,14,130,204,331,441,685,,,,,,,,,,,,,,,
,FMS,Final Fantasy VII,Main Theme of Final Fantasy VII,2,4,6,,114,132,187,245,,,,,,,,,,,,,,,,
,BMS,Final Fantasy VII,One-Winged Angel,3,5,8,14,143,263,373,432,664,,,,,,,,,,,,,,,
,BMS,Final Fantasy VII,Opening - Bombing Mission,3,5,10,13,147,202,312,491,639,,,,,,,,,,,,,,,
,FMS,Final Fantasy VII,Rufus's Welcoming Ceremony,3,5,9,,123,169,263,379,,,,,,,,,,,,,,,,
,FMS,Final Fantasy VII,The Chase,3,5,8,13,112,127,202,317,536,,,,,,,,,,,,,,,
,FMS,Final Fantasy VII,The Highwind Takes to the Skies,3,5,9,,112,144,204,343,,,,,,,,,,,,,,,,
,FMS,Final Fantasy VIII,Balamb GARDEN,2,4,8,,105,118,163,266,,,,,,,,,,,,,,,,
,FMS,Final Fantasy VIII,Blue Fields,3,4,7,,127,161,220,294,,,,,,,,,,,,,,,,
,BMS,Final Fantasy VIII,Don't be Afraid,3,5,9,12,118,162,227,379,414,,,,,,,,,,,,,,,
,FMS,Final Fantasy VIII,Ending Theme,1,4,8,,113,127,182,328,,,,,,,,,,,,,,,,
DX,FMS,Final Fantasy VIII,Eyes On Me,2,4,7,,165,197,244,327,,,,,,,,,,,,,,,,
,FMS,Final Fantasy VIII,Find Your Way,2,4,7,,116,157,204,381,,,,,,,,,,,,,,,,
,FMS,Final Fantasy VIII,Fisherman's Horizon,3,4,6,,114,138,182,245,,,,,,,,,,,,,,,,
,BMS,Final Fantasy VIII,Force Your Way,3,4,10,13,113,166,235,410,586,,,,,,,,,,,,,,,
,BMS,Final Fantasy VIII,Liberi Fatali,3,6,9,,186,222,345,594,,,,,,,,,,,,,,,,
,FMS,Final Fantasy VIII,Love Grows,2,4,7,,139,152,195,259,,,,,,,,,,,,,,,,
,BMS,Final Fantasy VIII,Maybe I'm a Lion,2,4,10,13,163,196,313,569,751,,,,,,,,,,,,,,,
,BMS,Final Fantasy VIII,Premonition,2,4,8,12,154,203,279,389,557,,,,,,,,,,,,,,,
,FMS,Final Fantasy VIII,Ride On,3,5,8,,122,173,245,343,,,,,,,,,,,,,,,,
,BMS,Final Fantasy VIII,Shuffle or Boogie,3,5,9,11,110,145,209,406,495,,,,,,,,,,,,,,,
,FMS,Final Fantasy VIII,The Castle,3,6,10,13,164,187,327,533,684,,,,,,,,,,,,,,,
,BMS,Final Fantasy VIII,The Extreme,3,5,10,13,159,192,334,573,731,,,,,,,,,,,,,,,
,BMS,Final Fantasy VIII,The Man with the Machine Gun,3,5,10,13,122,157,250,493,587,,,,,,,,,,,,,,,
,FMS,Final Fantasy VIII,The Oath,2,4,7,,142,160,243,379,,,,,,,,,,,,,,,,
,FMS,Final Fantasy VIII,Waltz for the Moon,3,5,9,,141,168,269,451,,,,,,,,,,,,,,,,
,EMS,Final Fantasy VIII,Waltz for the Moon (EMS),3,6,9,,145,162,278,373,,,,,,,,,,,,,,,,
,BMS,Final Fantasy X,A Contest of Aeons,4,6,10,13,123,272,265,375,626,,,,,,,,,,,,,,,
,FMS,Final Fantasy X,A Fleeting Dream,2,4,8,,114,138,193,270,,,,,,,,,,,,,,,,
,BMS,Final Fantasy X,Assault,4,6,10,,136,147,275,483,,,,,,,,,,,,,,,,
,BMS,Final Fantasy X,Battle Theme,2,4,8,12,126,148,253,417,599,,,,,,,,,,,,,,,
,BMS,Final Fantasy X,Blitz Off!,3,4,7,,125,174,228,448,,,,,,,,,,,,,,,,
,BMS,Final Fantasy X,Challenge,2,4,7,,145,143,156,291,,,,,,,,,,,,,,,,
,BMS,Final Fantasy X,Fight with Seymour,2,4,8,13,190,235,418,588,890,,,,,,,,,,,,,,,
,BMS,Final Fantasy X,Final Battle,3,6,9,13,137,183,299,484,838,,,,,,,,,,,,,,,
,FMS,Final Fantasy X,Launch,3,5,9,,134,254,314,582,,,,,,,,,,,,,,,,
,FMS,Final Fantasy X,Mi'ihen Highroad,3,6,7,,122,171,265,340,,,,,,,,,,,,,,,,
,FMS,Final Fantasy X,Movement In Green,3,4,10,,116,146,201,350,,,,,,,,,,,,,,,,
,BMS,Final Fantasy X,Otherworld,3,5,10,14,136,198,293,462,617,,,,,,,,,,,,,,,
,FMS,Final Fantasy X,Servants of the Mountain,2,5,8,,129,130,226,323,,,,,,,,,,,,,,,,
,FMS,Final Fantasy X,Spira Unplugged,3,5,8,,108,164,234,299,,,,,,,,,,,,,,,,
,FMS,Final Fantasy X,SUTEKI DA NE (Isn't It Wonderful?),3,4,9,,142,164,185,203,,,,,,,,,,,,,,,,
,EMS,Final Fantasy X,SUTEKI DA NE (Isn't It Wonderful?) (EMS),2,5,7,,145,125,180,220,,,,,,,,,,,,,,,,
,FMS,Final Fantasy X,Thunder Plains,3,5,8,13,118,173,240,332,552,,,,,,,,,,,,,,,
,FMS,Final Fantasy X,Via Purifico,3,5,10,,133,208,350,565,,,,,,,,,,,,,,,,
DX,FMS,Final Fantasy X,Zanarkand,2,5,7,,134,140,182,352,,,,,,,,,,,,,,,,
,BMS,Final Fantasy X-2,"""Let me blow you a kiss.""",4,7,9,,110,231,261,369,,,,,,,,,,,,,,,,
,EMS,Final Fantasy X-2,1000 Words (FFX-2 Mix),2,5,8,,152,115,177,293,,,,,,,,,,,,,,,,
DX,FMS,Final Fantasy X-2,Kuon -Memories of Waves and Light-,3,5,8,,152,208,311,501,,,,,,,,,,,,,,,,
DX,BMS,Final Fantasy X-2,real Emotion (FFX-2 Mix),4,6,9,12,148,247,333,441,537,,,,,,,,,,,,,,,
,FMS,Final Fantasy X-2,The Bevelle Underground,2,5,10,,107,148,384,381,,,,,,,,,,,,,,,,
,FMS,Final Fantasy X-2,The Farplane Abyss,3,5,8,,106,103,152,272,,,,,,,,,,,,,,,,
,BMS,Final Fantasy X-2,Their Resting Place,3,7,10,,131,180,419,624,,,,,,,,,,,,,,,,
,FMS,Final Fantasy X-2,We're the Gullwings!,3,6,8,,134,181,259,377,,,,,,,,,,,,,,,,
,BMS,Final Fantasy X-2,"YuRiPa, Fight! No.1",3,6,9,,107,193,244,293,,,,,,,,,,,,,,,,
,BMS,Final Fantasy XI,"""FFXI Opening Theme""",3,5,7,,138,123,156,203,,,,,,,,,,,,,,,,
,EMS,Final Fantasy XI,"""FFXI Opening Theme"" (EMS)",2,5,7,,140,110,147,200,,,,,,,,,,,,,,,,
,FMS,Final Fantasy XI,A New Horizon - Tavnazian Archipelago,3,5,8,,150,175,301,401,,,,,,,,,,,,,,,,
,BMS,Final Fantasy XI,Awakening,3,5,7,12,135,183,254,324,617,,,,,,,,,,,,,,,
,BMS,Final Fantasy XI,Battle Theme,3,5,9,,111,130,213,343,,,,,,,,,,,,,,,,
DX,FMS,Final Fantasy XI,Distant Worlds,2,4,7,,198,209,262,402,,,,,,,,,,,,,,,,
,BMS,Final Fantasy XI,Fighters of the Crystal,2,4,9,12,131,125,223,418,593,,,,,,,,,,,,,,,
,FMS,Final Fantasy XI,Gustaberg,3,5,8,,143,167,231,347,,,,,,,,,,,,,,,,
,FMS,Final Fantasy XI,Heavens Tower,2,4,7,,119,168,228,277,,,,,,,,,,,,,,,,
,BMS,Final Fantasy XI,Iron Colossus,2,4,8,,129,155,238,367,,,,,,,,,,,,,,,,
,BMS,Final Fantasy XI,Melodies Errant,3,6,10,,109,154,227,407,,,,,,,,,,,,,,,,
,BMS,Final Fantasy XI,Ragnarok,2,6,9,12,124,130,230,321,536,,,,,,,,,,,,,,,
,FMS,Final Fantasy XI,Recollection,2,4,7,,172,175,313,401,,,,,,,,,,,,,,,,
,FMS,Final Fantasy XI,Ronfaure,3,4,8,,125,172,234,298,,,,,,,,,,,,,,,,
,FMS,Final Fantasy XI,Sarutabaruta,2,4,7,,131,133,246,365,,,,,,,,,,,,,,,,
,FMS,Final Fantasy XI,Selbina,4,5,10,,117,166,234,415,,,,,,,,,,,,,,,,
,BMS,Final Fantasy XI,Shinryu,3,4,9,13,181,216,250,555,775,,,,,,,,,,,,,,,
,FMS,Final Fantasy XI,The Sanctuary of Zi'Tah,2,3,7,,129,168,239,304,,,,,,,,,,,,,,,,
,BMS,Final Fantasy XI,Tough Battle #2,2,4,9,,129,155,209,467,,,,,,,,,,,,,,,,
,FMS,Final Fantasy XI,Vana'diel March,3,5,8,,122,190,256,301,,,,,,,,,,,,,,,,
,FMS,Final Fantasy XI,Voyager,3,5,8,,105,137,180,279,,,,,,,,,,,,,,,,
,BMS,Final Fantasy XII,Battle with an Esper,3,5,8,,126,130,229,359,,,,,,,,,,,,,,,,
,BMS,Final Fantasy XII,Boss Battle,2,5,8,,128,138,238,341,,,,,,,,,,,,,,,,
,BMS,Final Fantasy XII,Ending Movie (from FINAL FANTASY XII Original Soundtrack),4,6,10,,140,218,298,418,,,,,,,,,,,,,,,,
,BMS,Final Fantasy XII,FINAL FANTASY (FFXII Version),3,4,8,,118,158,232,326,,,,,,,,,,,,,,,,
,BMS,Final Fantasy XII,Flash of Steel,3,5,6,11,118,165,225,300,545,,,,,,,,,,,,,,,
,FMS,Final Fantasy XII,Giza Plains (from FINAL FANTASY XII Original Soundtrack),2,5,9,,140,150,292,405,,,,,,,,,,,,,,,,
,FMS,Final Fantasy XII,Heart of a Child,3,5,10,,116,166,242,409,,,,,,,,,,,,,,,,
DX,FMS,Final Fantasy XII,Kiss Me Good-Bye-featured in FINAL FANTASY XII-,1,4,6,,139,139,169,244,,,,,,,,,,,,,,,,
,BMS,Final Fantasy XII,Life and Death,2,5,9,,125,152,267,395,,,,,,,,,,,,,,,,
,FMS,Final Fantasy XII,Phon Coast,3,5,9,12,118,154,216,343,417,,,,,,,,,,,,,,,
,FMS,Final Fantasy XII,Streets of Rabanastre,4,6,8,,114,173,259,285,,,,,,,,,,,,,,,,
,BMS,Final Fantasy XII,Struggle for Freedom,3,4,9,12,146,199,280,471,550,,,,,,,,,,,,,,,
DX,FMS,Final Fantasy XII,"Symphonic Poem ""Hope"" ~FINAL FANTASY XII PV ver.~",2,4,8,,233,238,306,515,,,,,,,,,,,,,,,,
,FMS,Final Fantasy XII,The Archadian Empire - original - from FINAL FANTASY XII,3,5,8,,139,170,272,470,,,,,,,,,,,,,,,,
,EMS,Final Fantasy XII,The Archadian Empire - original - from FINAL FANTASY XII (EMS),2,5,8,,142,149,194,283,,,,,,,,,,,,,,,,
,FMS,Final Fantasy XII,The Dalmasca Estersand,2,5,8,12,129,145,231,356,541,,,,,,,,,,,,,,,
,FMS,Final Fantasy XII,The Mosphoran Highwaste,3,5,8,,123,160,232,305,,,,,,,,,,,,,,,,
,BMS,Final Fantasy XIII,Blinded By Light,3,4,8,12,159,232,324,415,617,,,,,,,,,,,,,,,
,BMS,Final Fantasy XIII,Defiers of Fate,4,5,8,13,144,182,233,340,489,,,,,,,,,,,,,,,
,EMS,Final Fantasy XIII,Defiers of Fate (EMS),3,5,9,,147,156,190,238,,,,,,,,,,,,,,,,
,BMS,Final Fantasy XIII,Desperate Struggle,2,5,8,,105,99,166,252,,,,,,,,,,,,,,,,
,FMS,Final Fantasy XIII,Dust to Dust,2,4,6,,123,132,191,285,,,,,,,,,,,,,,,,
,BMS,Final Fantasy XIII,Eden Under Siege,2,3,8,,151,134,214,344,,,,,,,,,,,,,,,,
DX,FMS,Final Fantasy XIII,Eternal Love,2,5,8,,184,183,289,441,,,,,,,,,,,,,,,,
,BMS,Final Fantasy XIII,Fighting Fate,3,4,8,12,134,178,282,391,530,,,,,,,,,,,,,,,
,FMS,Final Fantasy XIII,March of the Dreadnoughts,3,5,10,,133,158,292,401,,,,,,,,,,,,,,,,
,BMS,Final Fantasy XIII,Nascent Requiem,4,6,8,14,164,198,406,562,847,,,,,,,,,,,,,,,
,BMS,Final Fantasy XIII,Saber's Edge,2,5,9,,166,185,323,581,,,,,,,,,,,,,,,,
,FMS,Final Fantasy XIII,The Archylte Steppe,2,4,7,,128,109,170,312,,,,,,,,,,,,,,,,
,FMS,Final Fantasy XIII,The Gapra Whitewood,2,4,7,,122,160,189,285,,,,,,,,,,,,,,,,
,FMS,Final Fantasy XIII,The Sunleth Waterscape,3,5,9,12,122,170,215,336,540,,,,,,,,,,,,,,,
,BMS,Final Fantasy XIII,Will to Fight,3,5,8,,117,131,182,277,,,,,,,,,,,,,,,,
,FMS,Final Fantasy XIV,A Light in the Storm,3,4,9,,134,160,221,395,,,,,,,,,,,,,,,,
,BMS,Final Fantasy XIV,A Long Fall,3,6,10,14,143,273,352,460,753,,,,,,,,,,,,,,,
,EMS,Final Fantasy XIV,Answers,1,3,6,,173,125,193,241,,,,,,,,,,,,,,,,
,FMS,Final Fantasy XIV,Engage,3,5,9,11,131,161,250,360,525,,,,,,,,,,,,,,,
,BMS,Final Fantasy XIV,Exponential Entropy,3,5,9,13,173,219,366,619,910,,,,,,,,,,,,,,,
,BMS,Final Fantasy XIV,Fallen Angel,2,4,9,13,154,175,282,478,755,,,,,,,,,,,,,,,
,BMS,Final Fantasy XIV,Good King Moggle Mog XII,3,4,8,,163,210,323,502,,,,,,,,,,,,,,,,
,BMS,Final Fantasy XIV,Hard to Miss,2,5,9,,102,104,174,310,,,,,,,,,,,,,,,,
,BMS,Final Fantasy XIV,Heroes,2,4,8,11,116,108,175,308,441,,,,,,,,,,,,,,,
,FMS,Final Fantasy XIV,Ink Long Dry,3,5,10,13,144,182,263,466,607,,,,,,,,,,,,,,,
,BMS,Final Fantasy XIV,Locus,3,5,9,13,135,211,301,435,634,,,,,,,,,,,,,,,
,BMS,Final Fantasy XIV,Metal - Brute Justice Mode,4,6,9,13,138,223,321,441,609,,,,,,,,,,,,,,,
,BMS,Final Fantasy XIV,Moebius,3,5,8,11,118,166,214,272,459,,,,,,,,,,,,,,,
,BMS,Final Fantasy XIV,Nemesis,2,4,10,,140,154,248,442,,,,,,,,,,,,,,,,
,BMS,Final Fantasy XIV,Oblivion,3,4,9,13,136,170,260,415,655,,,,,,,,,,,,,,,
,BMS,Final Fantasy XIV,Ominous Prognisticks,2,4,8,12,116,132,215,315,413,,,,,,,,,,,,,,,
,FMS,Final Fantasy XIV,On Westerly Winds,3,4,7,,150,185,266,368,,,,,,,,,,,,,,,,
,BMS,Final Fantasy XIV,Primal Judgment,2,5,9,,148,172,267,443,,,,,,,,,,,,,,,,
,BMS,Final Fantasy XIV,Promises to Keep,3,6,9,,159,275,407,465,,,,,,,,,,,,,,,,
,BMS,Final Fantasy XIV,Rise,3,6,9,14,119,145,211,353,567,,,,,,,,,,,,,,,
,FMS,Final Fantasy XIV,Serenity,3,5,8,,104,137,203,291,,,,,,,,,,,,,,,,
,BMS,Final Fantasy XIV,Sunrise,2,5,8,,125,150,204,305,,,,,,,,,,,,,,,,
,BMS,Final Fantasy XIV,The Land Breathes,3,5,7,,142,178,269,426,,,,,,,,,,,,,,,,
,BMS,Final Fantasy XIV,The Worm's Tail,3,5,9,14,147,216,290,405,616,,,,,,,,,,,,,,,
,BMS,Final Fantasy XIV,Through the Maelstrom,3,4,9,12,151,178,264,478,723,,,,,,,,,,,,,,,
,FMS,Final Fantasy XIV,To the Sun,3,4,8,,140,162,217,379,,,,,,,,,,,,,,,,
,BMS,Final Fantasy XIV,Torn from the Heavens,3,4,9,11,125,172,269,441,545,,,,,,,,,,,,,,,
,BMS,Final Fantasy XIV,Triumph,3,5,9,,174,264,304,536,,,,,,,,,,,,,,,,
,BMS,Final Fantasy XIV,Ultima,2,4,9,12,175,171,289,542,660,,,,,,,,,,,,,,,
,BMS,Final Fantasy XIV,Under the Weight,4,5,10,13,141,234,331,493,686,,,,,,,,,,,,,,,
,BMS,Final Fantasy XIV,Wayward Daughter,2,5,8,14,161,140,204,321,720,,,,,,,,,,,,,,,
,BMS,Final Fantasy XIV,What Angel Wakes Me,3,5,9,11,158,195,251,380,541,,,,,,,,,,,,,,,
,BMS,Final Fantasy XIV,Who Brings Shadow,3,6,9,12,239,315,452,611,890,,,,,,,,,,,,,,,
,EMS,Final Fantasy XV,APOCALYPSIS NOCTIS,3,6,9,,252,409,633,784,,,,,,,,,,,,,,,,
,BMS,Final Fantasy XV,APOCALYPSIS NOCTIS (Uncovered Trailer),3,5,9,13,127,195,296,389,603,,,,,,,,,,,,,,,
,FMS,Final Fantasy XV,EPISODE IGNIS - The Main Theme,4,6,9,,146,178,219,259,,,,,,,,,,,,,,,,
,FMS,Final Fantasy XV,Flying R,3,4,8,12,133,155,222,297,475,,,,,,,,,,,,,,,
,BMS,Final Fantasy XV,Hellfire,3,5,9,12,154,210,297,378,559,,,,,,,,,,,,,,,
,FMS,Final Fantasy XV,Home Sweet Home - Theme of EPISODE PROMPTO,2,4,8,,192,219,249,292,,,,,,,,,,,,,,,,
,BMS,Final Fantasy XV,Invidia,4,5,9,13,153,168,250,379,586,,,,,,,,,,,,,,,
,BMS,Final Fantasy XV,Magna Insomnia,5,6,9,13,316,439,570,772,1194,,,,,,,,,,,,,,,
,FMS,Final Fantasy XV,Main Theme from FINAL FANTASY,3,5,8,,124,133,206,280,,,,,,,,,,,,,,,,
,FMS,Final Fantasy XV,NOCTIS,3,5,9,,130,158,226,325,,,,,,,,,,,,,,,,
,BMS,Final Fantasy XV,OMNIS LACRIMA,3,4,8,12,140,154,258,339,536,,,,,,,,,,,,,,,
,FMS,Final Fantasy XV,Shield of the King - Theme of EPISODE GLADIOLUS,3,5,8,,129,158,203,273,,,,,,,,,,,,,,,,
,FMS,Final Fantasy XV,Somnus,3,4,6,,146,171,240,330,,,,,,,,,,,,,,,,
,BMS,Final Fantasy XV,Stand Your Ground,3,5,10,,107,134,192,281,,,,,,,,,,,,,,,,
,BMS,Final Fantasy XV,The Dance of Silver and Crimson,3,5,9,14,212,369,441,731,1002,,,,,,,,,,,,,,,
,BMS,Final Fantasy XV,The Fight Is On!,3,5,8,,143,196,257,379,,,,,,,,,,,,,,,,
,BMS,Final Fantasy XV,Up for the Challenge,3,5,8,11,110,143,221,303,344,,,,,,,,,,,,,,,
,FMS,Final Fantasy XV,Valse di Fantastica,3,5,10,12,129,183,272,446,563,,,,,,,,,,,,,,,
,BMS,Final Fantasy XV,Veiled in Black,3,4,9,12,132,159,237,367,522,,,,,,,,,,,,,,,
DLC,BMS,Final Fantasy XVI,Ascension,3,5,9,14,253,330,450,645,1044,,,,,,,,,,,,,,,
DLC,BMS,Final Fantasy XVI,Away,3,5,10,14,237,310,409,691,1127,,,,,,,,,,,,,,,
DLC,BMS,Final Fantasy XVI,Control,2,4,8,11,222,215,295,373,626,,,,,,,,,,,,,,,
DLC,BMS,Final Fantasy XVI,Find the Flame,4,5,9,13,107,158,221,281,499,,,,,,,,,,,,,,,
DLC,FMS,Final Fantasy XVI,"Hide, Hideaway",2,4,8,,151,178,273,325,,,,,,,,,,,,,,,,
DLC,BMS,Final Fantasy XVI,Logos,3,6,10,15,185,182,341,438,935,,,,,,,,,,,,,,,
DLC,FMS,Final Fantasy XVI,My Star,2,4,8,,284,228,326,446,,,,,,,,,,,,,,,,
DLC,BMS,Final Fantasy XVI,"No Risk, No Reward",3,5,9,12,143,176,314,376,537,,,,,,,,,,,,,,,
DLC,BMS,Final Fantasy XVI,The Riddle,3,6,10,14,180,228,372,600,1016,,,,,,,,,,,,,,,
DLC,BMS,Final Fantasy XVI,Titan Lost,2,4,9,13,128,194,241,315,487,,,,,,,,,,,,,,,
DLC,BMS,Final Fantasy XVI,To Sail Forbidden Seas,2,5,9,12,185,193,350,434,679,,,,,,,,,,,,,,,
DLC,FMS,LIVE A LIVE,"Birds Fly, Fish Swim",2,5,8,,109,116,222,304,,,,,,,,,,,,,,,,
DLC,BMS,LIVE A LIVE,Go! Go! Steel Titan!,3,5,7,,62,86,138,180,,,,,,,,,,,,,,,,
DLC,BMS,LIVE A LIVE,LIVE · A · LIVE,3,6,9,14,123,159,263,352,634,,,,,,,,,,,,,,,
DLC,BMS,LIVE A LIVE,MEGALOMANIA,3,5,9,13,105,172,218,366,573,,,,,,,,,,,,,,,
DLC,BMS,Mana,Battle 2,3,5,9,,132,179,271,445,,,,,,,,,,,,,,,,
DLC,FMS,Mana,Bejeweled City in Ruins,2,4,7,,191,197,322,500,,,,,,,,,,,,,,,,
DLC,BMS,Mana,Danger,3,6,10,14,126,207,325,503,646,,,,,,,,,,,,,,,
DLC,BMS,Mana,Darkness Nova,2,5,9,13,133,135,213,415,599,,,,,,,,,,,,,,,
DLC,FMS,Mana,Hometown of Domina,3,5,9,,119,154,236,380,,,,,,,,,,,,,,,,
DLC,BMS,Mana,In Search of the Sword of Mana,3,5,8,,91,116,198,301,,,,,,,,,,,,,,,,
DLC,BMS,Mana,Into the Thick of It,3,4,10,,107,128,181,309,,,,,,,,,,,,,,,,
DLC,FMS,Mana,Meridian Child,3,5,9,,150,158,292,391,,,,,,,,,,,,,,,,
DLC,BMS,Mana,Meridian Dance,4,5,9,13,109,170,224,363,468,,,,,,,,,,,,,,,
DLC,BMS,Mana,Nuclear Fusion,3,5,9,14,120,151,212,306,656,,,,,,,,,,,,,,,
DLC,FMS,Mana,Powell,3,6,10,,126,126,317,504,,,,,,,,,,,,,,,,
DLC,BMS,Mana,Sacrifice Part Three,4,5,9,13,233,353,478,781,1151,,,,,,,,,,,,,,,
DLC,BMS,Mana,Swivel,3,4,10,,102,157,251,361,,,,,,,,,,,,,,,,
,BMS,Mobius FF,Bloodthirst,3,6,9,15,146,183,257,458,959,,,,,,,,,,,,,,,
,BMS,Mobius FF,Dancing Edge,3,5,8,14,114,170,254,366,563,,,,,,,,,,,,,,,
,BMS,Mobius FF,Femme Fatale,4,6,10,,116,170,244,330,,,,,,,,,,,,,,,,
,BMS,Mobius FF,Magic Madness,3,5,9,,107,176,251,379,,,,,,,,,,,,,,,,
,BMS,Mobius FF,Warrior of Light - Mobius Final Fantasy,3,4,8,12,111,142,196,294,465,,,,,,,,,,,,,,,
DLC,BMS,NieR,A Beautiful Song,2,4,8,,134,133,170,248,,,,,,,,,,,,,,,,
DLC,FMS,NieR,Amusement Park,2,3,7,11,132,146,195,262,303,,,,,,,,,,,,,,,
DLC,BMS,NieR,Dependent Weakling,3,6,10,13,142,212,267,426,512,,,,,,,,,,,,,,,
DLC,FMS,NieR,Emil's Shop,3,5,7,,107,142,220,318,,,,,,,,,,,,,,,,
DLC,BMS,NieR,Fleeting Words / Outsider,2,5,8,13,183,209,274,368,612,,,,,,,,,,,,,,,
DLC,BMS,NieR,Hills of Radiant Winds,3,6,9,,114,117,156,311,,,,,,,,,,,,,,,,
DLC,FMS,NieR,Kainé / Salvation,3,5,7,,98,101,159,203,,,,,,,,,,,,,,,,
DLC,BMS,NieR,Shadowlord,3,5,9,13,272,263,373,604,900,,,,,,,,,,,,,,,
DLC,FMS,NieR,Song of the Ancients / Devola,2,5,8,,152,150,348,440,,,,,,,,,,,,,,,,
DLC,BMS,NieR,Song of the Ancients / Fate,4,6,9,13,156,261,313,472,645,,,,,,,,,,,,,,,
DLC,FMS,NieR,Weight of the World Kowaretasekainouta - Marina Kawano,1,4,8,,125,155,220,280,,,,,,,,,,,,,,,,
DLC,BMS,Octopath Traveller,Battle at Journey's End,3,5,9,13,216,331,456,617,1019,,,,,,,,,,,,,,,
DLC,BMS,Octopath Traveller,Daughter of the Dark God,3,6,10,,150,220,341,499,,,,,,,,,,,,,,,,
DLC,BMS,Octopath Traveller,Decisive Battle II,4,6,10,14,194,274,377,556,1069,,,,,,,,,,,,,,,
DLC,FMS,Octopath Traveller,Octopath Traveller -Main Theme-,3,6,9,,150,128,378,458,,,,,,,,,,,,,,,,
DLC,FMS,Octopath Traveller,"Primrose, the Dancer",3,5,8,,128,252,325,357,,,,,,,,,,,,,,,,
DLC,FMS,SaGa,Alone,2,4,8,,164,159,294,364,,,,,,,,,,,,,,,,
DLC,BMS,SaGa,Ardent Rhythm,4,6,9,14,119,158,195,361,586,,,,,,,,,,,,,,,
DLC,BMS,SaGa,Battle #4,3,5,9,13,112,165,217,321,472,,,,,,,,,,,,,,,
DLC,BMS,SaGa,Battle #5,3,5,10,14,157,243,386,550,799,,,,,,,,,,,,,,,
DLC,BMS,SaGa,Battle Theme I,4,5,10,14,109,186,222,359,541,,,,,,,,,,,,,,,
DLC,BMS,SaGa,Beat Them Up!,3,6,10,,124,159,273,421,,,,,,,,,,,,,,,,
DLC,BMS,SaGa,Coup de Grace,3,5,10,14,149,211,311,492,923,,,,,,,,,,,,,,,
DLC,BMS,SaGa,Encounter with the Seven Heroes,3,5,10,13,165,204,338,568,810,,,,,,,,,,,,,,,
DLC,BMS,SaGa,Enraged Battle,3,6,8,,102,143,228,240,,,,,,,,,,,,,,,,
DLC,BMS,SaGa,Ever Higher,3,5,9,13,146,167,242,415,682,,,,,,,,,,,,,,,
DLC,BMS,SaGa,Feldschlacht III,4,6,8,12,124,192,249,410,577,,,,,,,,,,,,,,,
DLC,BMS,SaGa,Final Confrontation,3,6,10,14,138,163,279,466,783,,,,,,,,,,,,,,,
DLC,BMS,SaGa,Four Sinistrals Battle I,3,5,9,14,143,198,346,474,768,,,,,,,,,,,,,,,
DLC,BMS,SaGa,Four Sinistrals Battle II,3,5,10,14,124,148,240,461,815,,,,,,,,,,,,,,,
DLC,FMS,SaGa,Horrible Shadow,3,5,8,13,131,164,264,431,637,,,,,,,,,,,,,,,
DLC,BMS,SaGa,Mißgestalt,2,4,9,14,132,165,242,366,624,,,,,,,,,,,,,,,
DLC,BMS,SaGa,Struggle to the Death,4,6,9,,106,166,248,460,,,,,,,,,,,,,,,,
DLC,BMS,SaGa,T260G's Last Battle,3,6,9,14,139,179,290,476,716,,,,,,,,,,,,,,,
DLC,BMS,SaGa,The Celestial Protectors,3,6,9,13,170,226,374,540,698,,,,,,,,,,,,,,,
DLC,BMS,SaGa,The Conflict,3,5,9,13,103,144,211,325,525,,,,,,,,,,,,,,,
DLC,BMS,SaGa,The Ultimate Confrontation,3,5,9,11,145,175,273,449,606,,,,,,,,,,,,,,,
DLC,FMS,SaGa,Title Screen,2,4,7,,134,136,306,379,,,,,,,,,,,,,,,,
,BMS,Theatrhythm,Battle at the Big Bridge - TFF Menu Arrangement - From FFV,3,6,10,14,89,124,214,318,520,,,,,,,,,,,,,,,
,BMS,Theatrhythm,Battle at the Big Bridge - TFFAC Arrangement - From FFV,5,8,12,16,136,340,397,753,1247,,,,,,,,,,,,,,,
,BMS,Theatrhythm,Choose Your Combatants - TFFCC Menu Arrangement - From FFT,3,5,10,,88,129,175,255,,,,,,,,,,,,,,,,
,BMS,Theatrhythm,FFVII Special Arrangement Medley - TFBL Arrangement - From FFVII,3,5,11,15,234,341,515,667,1364,,,,,,,,,,,,,,,
,BMS,Theatrhythm,Fight With Seymour - TFFAC Arrangement - From FFX,3,6,9,15,148,220,285,516,964,,,,,,,,,,,,,,,
,BMS,Theatrhythm,J-E-N-O-V-A - TFFAC Arrangement - From FFVII,4,6,10,15,145,242,371,546,895,,,,,,,,,,,,,,,
,BMS,Theatrhythm,Locke's Theme - TFFAC Arrangement - From FFVI,4,6,10,15,137,218,320,400,846,,,,,,,,,,,,,,,
,BMS,Theatrhythm,Main Theme of Final Fantasy V - TFFAC Arrangement - From FFV,4,6,10,15,146,211,260,422,860,,,,,,,,,,,,,,,
,FMS,Theatrhythm,Matoya's Cave - TFFAC Arrangement - From FF,4,7,10,16,151,286,386,494,976,,,,,,,,,,,,,,,
,FMS,Theatrhythm,Prelude - TFFAC Menu Arrangement - From FF,3,5,9,14,107,127,220,381,616,,,,,,,,,,,,,,,
,FMS,Theatrhythm,Return of the Warrior - TFF Menu Arrangement - From FFIII,4,6,9,11,86,144,192,272,304,,,,,,,,,,,,,,,
,BMS,Theatrhythm,TFFCC Special Arrangement Medley - TFFAC Arrangement - From TFFCC,4,6,11,16,178,222,333,444,1111,,,,,,,,,,,,,,,
,BMS,Theatrhythm,The Chaos Shrine - TFF Menu Arrangement - From FF,3,5,10,,89,118,163,254,,,,,,,,,,,,,,,,
,FMS,Theatrhythm,The Red Wings - TFFAC Arrangement - From FFIV,5,6,10,16,130,252,297,367,812,,,,,,,,,,,,,,,
,BMS,Theatrhythm,THEATRHYTHM FINAL BAR LINE Special Battle Arrangement Medley,4,7,10,14,228,444,555,888,1111,,,,,,,,,,,,,,,
,EMS,Theatrhythm,THEATRHYTHM FINAL FANTASY CURTAIN CALL Special Arrangement Medley,3,5,8,,204,304,366,467,,,,,,,,,,,,,,,,
,BMS,Theatrhythm,THEATRHYTHM FINAL FANTASY CURTAIN CALL Special Arrangement Medley(Long Version),3,4,8,,284,385,587,840,,,,,,,,,,,,,,,,
DLC,BMS,TWEWY,Breaking Free,3,5,9,13,154,224,290,423,716,,,,,,,,,,,,,,,
DLC,FMS,TWEWY,Calling,3,5,7,,131,166,298,391,,,,,,,,,,,,,,,,
DLC,BMS,TWEWY,Someday,3,5,9,,125,187,248,381,,,,,,,,,,,,,,,,
DLC,BMS,TWEWY,Twister,3,5,9,11,77,125,188,310,372,,,,,,,,,,,,,,,
DLC,BMS,TWEWY,World Is Yours,4,6,10,14,243,490,643,846,1098,,,,,,,,,,,,,,,
DLC,BMS,TWEWY,Your Ocean,2,4,8,,138,143,254,308,,,,,,,,,,,,,,,,
DLC,BMS,Xenogears,Awakening,3,5,8,,134,155,201,305,,,,,,,,,,,,,,,,
DLC,BMS,Xenogears,Blazing Knights,3,5,8,,123,150,241,395,,,,,,,,,,,,,,,,
DLC,BMS,Xenogears,Soaring,3,4,8,12,162,169,271,473,580,,,,,,,,,,,,,,,
