id,sound_label,eng_name,series,edition,ms_type,length_secs,diff_basic,diff_expert,diff_ultimate,diff_supreme
0,MUSIC0000000,Victory Fanfare,TUTORIAL,BASE,BMS,20,1,1,1,0
1,MUSIC0000001,Victory Fanfare,TUTORIAL,BASE,FMS,20,1,1,1,0
2,,,,,,,,,,
3,,,,,,,,,,
4,,,,,,,,,,
5,MUSIC0000005,Opening Theme,FINAL FANTASY I,BASE,FMS,121,3,5,8,0
6,MUSIC0000006,Opening Theme,FINAL FANTASY I,BASE,EMS,124,2,4,7,0
7,MUSIC0000007,Main Theme,FINAL FANTASY I,BASE,FMS,108,3,5,8,0
8,MUSIC0000008,Matoya's Cave,FINAL FANTASY I,BASE,FMS,103,3,6,9,0
9,MUSIC0000009,Battle,FINAL FANTASY I,BASE,BMS,127,2,5,9,0
10,MUSIC0000010,Castle Cornelia,FINAL FANTASY I,BASE,FMS,126,2,5,9,0
11,MUSIC0000011,Mt. Gulg,FINAL FANTASY I,BASE,FMS,126,3,5,8,11
12,MUSIC0000012,Miniboss Battle,FINAL FANTASY I,BASE,BMS,121,3,5,10,12
13,MUSIC0000013,Final Battle,FINAL FANTASY I,BASE,BMS,106,3,5,9,12
14,MUSIC0000014,Sunken Shrine,FINAL FANTASY I,BASE,FMS,109,3,5,8,0
15,MUSIC0000015,Airship,FINAL FANTASY I,BASE,FMS,92,2,6,7,0
16,,,,,,,,,,
17,MUSIC0000017,Finale,FINAL FANTASY II,BASE,FMS,91,2,4,7,0
18,MUSIC0000018,The Rebel Army,FINAL FANTASY II,BASE,BMS,103,3,5,9,0
19,MUSIC0000019,The Rebel Army,FINAL FANTASY II,BASE,EMS,106,3,5,8,0
20,MUSIC0000020,Battle Theme 1,FINAL FANTASY II,BASE,BMS,127,3,5,9,13
21,MUSIC0000021,Town,FINAL FANTASY II,BASE,FMS,103,2,4,7,0
22,MUSIC0000022,Main Theme,FINAL FANTASY II,BASE,FMS,119,3,4,7,0
23,MUSIC0000023,Tower of the Magi,FINAL FANTASY II,BASE,FMS,120,2,4,10,13
24,MUSIC0000024,Dungeon,FINAL FANTASY II,BASE,FMS,101,2,5,9,0
25,MUSIC0000025,Battle Theme 2,FINAL FANTASY II,BASE,BMS,129,3,5,8,13
26,MUSIC0000026,Battle Theme A,FINAL FANTASY II,BASE,BMS,132,3,5,9,13
27,MUSIC0000027,The Imperial Army,FINAL FANTASY II,BASE,FMS,126,2,5,9,0
28,MUSIC0000028,Chocobo Theme,FINAL FANTASY II,BASE,FMS,68,3,6,9,0
29,,,,,,,,,,
30,,,,,,,,,,
31,MUSIC0000031,"Elia,  the Maiden of Water",FINAL FANTASY III,BASE,FMS,121,2,4,6,0
32,MUSIC0000032,"Elia,  the Maiden of Water",FINAL FANTASY III,BASE,EMS,125,2,4,6,0
33,MUSIC0000033,Battle 1,FINAL FANTASY III,BASE,BMS,128,3,5,9,13
34,MUSIC0000034,Eternal Wind,FINAL FANTASY III,BASE,FMS,122,3,5,9,12
35,MUSIC0000035,Battle 2,FINAL FANTASY III,BASE,BMS,125,3,5,10,13
36,MUSIC0000036,The Boundless Ocean,FINAL FANTASY III,BASE,FMS,130,3,5,8,0
37,MUSIC0000037,Salonia,FINAL FANTASY III,BASE,FMS,99,3,5,9,0
38,MUSIC0000038,Let Me Know the Truth,FINAL FANTASY III,BASE,FMS,121,3,5,10,0
39,MUSIC0000039,Forbidden Land,FINAL FANTASY III,BASE,FMS,89,4,6,10,0
40,MUSIC0000040,The Crystal Tower,FINAL FANTASY III,BASE,FMS,105,2,4,10,12
41,MUSIC0000041,The Dark Crystals,FINAL FANTASY III,BASE,FMS,102,2,4,8,0
42,MUSIC0000042,This is the Last Battle,FINAL FANTASY III,BASE,BMS,127,3,5,10,14
43,MUSIC0000043,Crystal Cave,FINAL FANTASY III,BASE,FMS,99,3,6,8,0
44,MUSIC0000044,Zephyr Memories -Legend of the Eternal Wind-,FINAL FANTASY III,DX,FMS,181,2,4,7,0
45,,,,,,,,,,
46,,,,,,,,,,
47,MUSIC0000047,Theme of Love,FINAL FANTASY IV,BASE,FMS,136,2,5,10,0
48,MUSIC0000048,Theme of Love,FINAL FANTASY IV,BASE,EMS,139,2,5,7,0
49,MUSIC0000049,The Red Wings,FINAL FANTASY IV,BASE,FMS,132,3,6,10,0
50,MUSIC0000050,Main Theme of Final Fantasy IV,FINAL FANTASY IV,BASE,FMS,126,2,4,8,0
51,MUSIC0000051,Battle 1,FINAL FANTASY IV,BASE,BMS,104,3,5,9,12
52,MUSIC0000052,Battle 2,FINAL FANTASY IV,BASE,BMS,132,3,5,9,13
53,MUSIC0000053,Battle with the Four Fiends,FINAL FANTASY IV,BASE,BMS,129,2,4,10,14
54,MUSIC0000054,The Airship,FINAL FANTASY IV,BASE,FMS,95,4,6,9,0
55,MUSIC0000055,Troian Beauty,FINAL FANTASY IV,BASE,FMS,99,3,5,8,0
56,MUSIC0000056,Tower of Zot,FINAL FANTASY IV,BASE,FMS,125,3,6,10,0
57,MUSIC0000057,Lunar Whale,FINAL FANTASY IV,BASE,FMS,98,2,4,7,12
58,MUSIC0000058,Within the Giant,FINAL FANTASY IV,BASE,FMS,129,2,5,9,0
59,MUSIC0000059,The Final Battle,FINAL FANTASY IV,BASE,BMS,113,2,5,9,13
60,MUSIC0000060,Another Moon,FINAL FANTASY IV,BASE,FMS,117,3,4,8,0
61,MUSIC0000061,Main Theme of Final Fantasy V,FINAL FANTASY V,BASE,BMS,150,3,4,8,0
62,,,,,,,,,,
63,MUSIC0000063,"Home,  sweet Home",FINAL FANTASY V,BASE,FMS,123,4,6,9,0
64,MUSIC0000064,"Home,  sweet Home",FINAL FANTASY V,BASE,EMS,126,2,5,7,0
65,MUSIC0000065,Four Hearts,FINAL FANTASY V,BASE,FMS,127,3,4,8,12
66,MUSIC0000066,Battle 1,FINAL FANTASY V,BASE,BMS,129,3,5,8,12
67,MUSIC0000067,To the North Mountain,FINAL FANTASY V,BASE,FMS,106,2,5,8,0
68,MUSIC0000068,Battle 2,FINAL FANTASY V,BASE,BMS,142,3,5,9,13
69,MUSIC0000069,Library of Ancients,FINAL FANTASY V,BASE,FMS,142,4,6,10,0
70,MUSIC0000070,Mambo de Chocobo,FINAL FANTASY V,BASE,FMS,118,4,6,9,14
71,MUSIC0000071,The Airship,FINAL FANTASY V,BASE,FMS,115,3,5,8,0
72,MUSIC0000072,The Dawn Warriors,FINAL FANTASY V,BASE,BMS,128,3,5,8,0
73,MUSIC0000073,Battle at the Big Bridge,FINAL FANTASY V,BASE,BMS,129,2,5,9,13
74,MUSIC0000074,A New World,FINAL FANTASY V,BASE,FMS,124,3,5,8,0
75,MUSIC0000075,In Search of Light,FINAL FANTASY V,BASE,FMS,131,3,6,8,0
76,MUSIC0000076,The Decisive Battle,FINAL FANTASY V,BASE,BMS,161,3,4,9,13
77,MUSIC0000077,The Final Battle,FINAL FANTASY V,BASE,BMS,116,4,5,9,14
78,MUSIC0000078,Harvest,FINAL FANTASY V,BASE,FMS,99,2,5,8,12
79,,,,,,,,,,
80,,,,,,,,,,
81,MUSIC0000081,Celes's Theme,FINAL FANTASY VI,BASE,FMS,124,2,4,9,0
82,MUSIC0000082,Celes's Theme,FINAL FANTASY VI,BASE,EMS,126,2,4,7,0
83,MUSIC0000083,Locke's Theme,FINAL FANTASY VI,BASE,BMS,116,3,4,7,0
84,MUSIC0000084,Battle,FINAL FANTASY VI,BASE,BMS,116,3,5,10,14
85,MUSIC0000085,Edgar & Sabin's Theme,FINAL FANTASY VI,BASE,FMS,119,2,5,9,12
86,MUSIC0000086,Protect the Espers!,FINAL FANTASY VI,BASE,BMS,111,3,6,9,12
87,MUSIC0000087,The Decisive Battle,FINAL FANTASY VI,BASE,BMS,117,2,5,9,13
88,MUSIC0000088,Terra's Theme,FINAL FANTASY VI,BASE,FMS,118,3,5,7,0
89,MUSIC0000089,Grand Finale,FINAL FANTASY VI,BASE,BMS,100,3,5,10,14
90,MUSIC0000090,The Airship Blackjack,FINAL FANTASY VI,BASE,FMS,116,2,4,8,11
91,MUSIC0000091,Battle to the Death,FINAL FANTASY VI,BASE,BMS,125,3,5,10,11
92,MUSIC0000092,Searching for Friends,FINAL FANTASY VI,BASE,FMS,118,3,4,7,0
93,MUSIC0000093,Dancing Mad,FINAL FANTASY VI,BASE,BMS,121,2,4,8,13
94,MUSIC0000094,Kefka's Tower,FINAL FANTASY VI,BASE,FMS,129,3,5,8,0
95,,,,,,,,,,
96,,,,,,,,,,
97,MUSIC0000097,Aerith's Theme,FINAL FANTASY VII,BASE,BMS,125,2,3,7,0
98,MUSIC0000098,Aerith's Theme,FINAL FANTASY VII,BASE,EMS,129,2,4,7,0
99,MUSIC0000099,Opening - Bombing Mission,FINAL FANTASY VII,BASE,BMS,148,3,5,10,13
100,MUSIC0000100,Let the Battles Begin!,FINAL FANTASY VII,BASE,BMS,130,2,5,8,14
101,MUSIC0000101,Fight On!,FINAL FANTASY VII,BASE,BMS,132,3,5,8,14
102,MUSIC0000102,The Chase,FINAL FANTASY VII,BASE,FMS,113,3,5,8,13
103,MUSIC0000103,Main Theme of Final Fantasy VII,FINAL FANTASY VII,BASE,FMS,114,2,4,6,0
104,MUSIC0000104,Rufus's Welcoming Ceremony,FINAL FANTASY VII,BASE,FMS,124,3,5,9,0
105,MUSIC0000105,JENOVA,FINAL FANTASY VII,BASE,BMS,126,2,4,7,11
106,MUSIC0000106,Gold Saucer,FINAL FANTASY VII,BASE,FMS,108,4,6,9,13
107,MUSIC0000107,Cosmo Canyon,FINAL FANTASY VII,BASE,FMS,111,2,5,10,0
108,MUSIC0000108,The Highwind Takes to the Skies,FINAL FANTASY VII,BASE,FMS,112,3,5,9,0
109,MUSIC0000109,Judgment Day,FINAL FANTASY VII,BASE,FMS,118,3,5,8,0
110,MUSIC0000110,Birth of a God,FINAL FANTASY VII,BASE,BMS,127,3,4,8,13
111,MUSIC0000111,One-Winged Angel,FINAL FANTASY VII,BASE,BMS,144,3,5,8,14
112,MUSIC0000112,Advent: One-Winged Angel,FINAL FANTASY VII SERIES,BASE,BMS,366,4,6,10,16
113,MUSIC0000113,Advent: One-Winged Angel,FINAL FANTASY VII SERIES,BASE,EMS,145,3,5,8,0
114,MUSIC0000114,Those Who Fight (Piano Version),FINAL FANTASY VII SERIES,BASE,BMS,151,3,5,8,0
115,MUSIC0000115,Beyond the Wasteland,FINAL FANTASY VII SERIES,BASE,BMS,114,3,6,9,0
116,MUSIC0000116,Aerith's Theme (Piano Version),FINAL FANTASY VII SERIES,BASE,FMS,123,2,4,7,0
117,MUSIC0000117,Battle in the Forgotten City,FINAL FANTASY VII SERIES,BASE,BMS,149,3,5,9,0
118,MUSIC0000118,Divinity II,FINAL FANTASY VII SERIES,BASE,BMS,161,3,6,10,13
119,MUSIC0000119,J-E-N-O-V-A (AC Version),FINAL FANTASY VII SERIES,BASE,BMS,163,3,5,10,0
120,MUSIC0000120,Cloud Smiles,FINAL FANTASY VII SERIES,BASE,FMS,176,3,5,8,0
121,MUSIC0000121,CRISIS CORE Theme - Succession,FINAL FANTASY VII SERIES,BASE,EMS,112,2,5,8,0
122,MUSIC0000122,The SOLDIER Way,FINAL FANTASY VII SERIES,BASE,BMS,117,3,5,7,13
123,MUSIC0000123,The Price of Freedom,FINAL FANTASY VII SERIES,BASE,BMS,110,3,4,8,0
124,MUSIC0000124,Encounter,FINAL FANTASY VII SERIES,BASE,BMS,107,3,5,9,14
125,MUSIC0000125,Timely Ambush (from FFVII 'Let the Battles Begin!'),FINAL FANTASY VII SERIES,BASE,FMS,121,3,5,9,0
126,MUSIC0000126,A Flower Blooming in the Slums (from FFVII 'Aerith's Theme'),FINAL FANTASY VII SERIES,BASE,FMS,135,2,4,8,0
127,MUSIC0000127,Last Order,FINAL FANTASY VII SERIES,BASE,BMS,147,3,4,7,0
128,,,,,,,,,,
129,MUSIC0000129,Ending Theme,FINAL FANTASY VIII,BASE,FMS,113,1,4,8,0
130,MUSIC0000130,Waltz for the Moon,FINAL FANTASY VIII,BASE,FMS,142,3,5,9,0
131,MUSIC0000131,Waltz for the Moon,FINAL FANTASY VIII,BASE,EMS,145,3,6,9,0
132,MUSIC0000132,Balamb GARDEN,FINAL FANTASY VIII,BASE,FMS,105,2,4,8,0
133,MUSIC0000133,Blue Fields,FINAL FANTASY VIII,BASE,FMS,128,3,4,7,0
134,MUSIC0000134,Don't be Afraid,FINAL FANTASY VIII,BASE,BMS,119,3,5,9,12
135,MUSIC0000135,Force Your Way,FINAL FANTASY VIII,BASE,BMS,114,3,4,10,13
136,MUSIC0000136,Shuffle or Boogie,FINAL FANTASY VIII,BASE,BMS,110,3,5,9,11
137,MUSIC0000137,The Man with the Machine Gun,FINAL FANTASY VIII,BASE,BMS,123,3,5,10,13
138,MUSIC0000138,Premonition,FINAL FANTASY VIII,BASE,BMS,154,2,4,8,12
139,MUSIC0000139,Fisherman's Horizon,FINAL FANTASY VIII,BASE,FMS,114,3,4,6,0
140,MUSIC0000140,Love Grows,FINAL FANTASY VIII,BASE,FMS,140,2,4,7,0
141,MUSIC0000141,Ride On,FINAL FANTASY VIII,BASE,FMS,122,3,5,8,0
142,MUSIC0000142,The Castle,FINAL FANTASY VIII,BASE,FMS,165,3,6,10,13
143,MUSIC0000143,Maybe I'm a Lion,FINAL FANTASY VIII,BASE,BMS,163,2,4,10,13
144,MUSIC0000144,The Extreme,FINAL FANTASY VIII,BASE,BMS,160,3,5,10,13
145,MUSIC0000145,Liberi Fatali,FINAL FANTASY VIII,BASE,BMS,187,3,6,9,0
146,MUSIC0000146,Find Your Way,FINAL FANTASY VIII,BASE,FMS,116,2,4,7,0
147,MUSIC0000147,The Oath,FINAL FANTASY VIII,BASE,FMS,143,2,4,7,0
148,MUSIC0000148,Melodies Of Life ～Final Fantasy,FINAL FANTASY IX,DX,FMS,140,2,4,7,0
149,MUSIC0000149,A Place to Call Home,FINAL FANTASY IX,BASE,FMS,116,3,4,8,0
150,MUSIC0000150,Behind the Door,FINAL FANTASY IX,BASE,FMS,125,2,4,8,0
151,MUSIC0000151,Behind the Door,FINAL FANTASY IX,BASE,EMS,128,2,4,7,0
152,MUSIC0000152,Vivi's Theme,FINAL FANTASY IX,BASE,FMS,123,2,4,8,0
153,MUSIC0000153,Swords of Fury,FINAL FANTASY IX,BASE,BMS,137,3,5,9,0
154,MUSIC0000154,Vamo'alla flamenco,FINAL FANTASY IX,BASE,BMS,101,2,5,10,13
155,MUSIC0000155,Battle 1,FINAL FANTASY IX,BASE,BMS,120,3,5,8,14
156,MUSIC0000156,Battle 2,FINAL FANTASY IX,BASE,BMS,119,3,4,9,0
157,MUSIC0000157,Over the Hill,FINAL FANTASY IX,BASE,FMS,141,2,4,6,0
158,MUSIC0000158,Festival of the Hunt,FINAL FANTASY IX,BASE,BMS,113,4,5,9,13
159,MUSIC0000159,Roses of May,FINAL FANTASY IX,BASE,FMS,140,3,6,9,0
160,MUSIC0000160,Something to Protect,FINAL FANTASY IX,BASE,BMS,117,3,6,9,0
161,MUSIC0000161,Aboard the Hilda Garde,FINAL FANTASY IX,BASE,FMS,127,3,5,8,12
162,MUSIC0000162,Not Alone,FINAL FANTASY IX,BASE,FMS,130,3,4,6,0
163,MUSIC0000163,The Darkness of Eternity,FINAL FANTASY IX,BASE,BMS,170,3,4,9,13
164,MUSIC0000164,The Final Battle,FINAL FANTASY IX,BASE,BMS,138,3,5,10,12
165,MUSIC0000165,Dark City Treno,FINAL FANTASY IX,BASE,FMS,159,2,4,7,0
166,MUSIC0000166,"Iifa,  the Ancient Tree of Life",FINAL FANTASY IX,BASE,FMS,136,2,4,8,0
167,MUSIC0000167,Ipsen's Castle,FINAL FANTASY IX,BASE,FMS,106,2,4,8,0
168,MUSIC0000168,Zanarkand,FINAL FANTASY X,DX,FMS,134,2,5,7,0
169,,,,,,,,,,
170,MUSIC0000170,SUTEKI DA NE (Isn't It Wonderful?),FINAL FANTASY X,BASE,FMS,142,3,4,9,0
171,MUSIC0000171,SUTEKI DA NE (Isn't It Wonderful?),FINAL FANTASY X,BASE,EMS,145,2,5,7,0
172,MUSIC0000172,Otherworld,FINAL FANTASY X,BASE,BMS,136,3,5,10,14
173,MUSIC0000173,Battle Theme,FINAL FANTASY X,BASE,BMS,127,2,4,8,12
174,MUSIC0000174,Spira Unplugged,FINAL FANTASY X,BASE,FMS,108,3,5,8,0
175,MUSIC0000175,Movement In Green,FINAL FANTASY X,BASE,FMS,117,3,4,10,0
176,MUSIC0000176,Blitz Off!,FINAL FANTASY X,BASE,BMS,125,3,4,7,0
177,MUSIC0000177,Thunder Plains,FINAL FANTASY X,BASE,FMS,118,3,5,8,13
178,MUSIC0000178,Assault,FINAL FANTASY X,BASE,BMS,137,4,6,10,0
179,MUSIC0000179,Servants of the Mountain,FINAL FANTASY X,BASE,FMS,130,2,5,8,0
180,MUSIC0000180,A Fleeting Dream,FINAL FANTASY X,BASE,FMS,114,2,4,8,0
181,MUSIC0000181,Challenge,FINAL FANTASY X,BASE,BMS,145,2,4,7,0
182,MUSIC0000182,Fight with Seymour,FINAL FANTASY X,BASE,BMS,190,2,4,8,13
183,MUSIC0000183,A Contest of Aeons,FINAL FANTASY X,BASE,BMS,123,4,6,10,13
184,MUSIC0000184,Final Battle,FINAL FANTASY X,BASE,BMS,137,3,6,9,13
185,MUSIC0000185,Mi'ihen Highroad,FINAL FANTASY X,BASE,FMS,122,3,6,7,0
186,MUSIC0000186,Launch,FINAL FANTASY X,BASE,FMS,135,3,5,9,0
187,MUSIC0000187,Via Purifico,FINAL FANTASY X,BASE,FMS,133,3,5,10,0
188,MUSIC0000188,1000 Words (FFX-2 Mix),FINAL FANTASY X-2,BASE,EMS,152,2,5,8,0
189,MUSIC0000189,We're the Gullwings!,FINAL FANTASY X-2,BASE,FMS,134,3,6,8,0
190,MUSIC0000190,Let me blow you a kiss.,FINAL FANTASY X-2,BASE,BMS,110,4,7,9,0
191,MUSIC0000191,The Farplane Abyss,FINAL FANTASY X-2,BASE,FMS,106,3,5,8,0
192,MUSIC0000192,Kuon -Memories of Waves and Light-,FINAL FANTASY X-2,DX,FMS,153,3,5,8,0
193,MUSIC0000193,real Emotion (FFX-2 Mix),FINAL FANTASY X-2,DX,BMS,148,4,6,9,12
194,MUSIC0000194,"YuRiPa,  Fight! No.1",FINAL FANTASY X-2,BASE,BMS,107,3,6,9,0
195,MUSIC0000195,The Bevelle Underground,FINAL FANTASY X-2,BASE,FMS,108,2,5,10,0
196,MUSIC0000196,Their Resting Place,FINAL FANTASY X-2,BASE,BMS,131,3,7,10,0
197,MUSIC0000197,Vana'diel March,FINAL FANTASY XI,BASE,FMS,122,3,5,8,0
198,,,,,,,,,,
199,MUSIC0000199,FFXI Opening Theme,FINAL FANTASY XI,BASE,BMS,138,3,5,7,0
200,MUSIC0000200,FFXI Opening Theme,FINAL FANTASY XI,BASE,EMS,141,2,5,7,0
201,MUSIC0000201,Ronfaure,FINAL FANTASY XI,BASE,FMS,125,3,4,8,0
202,MUSIC0000202,Battle Theme,FINAL FANTASY XI,BASE,BMS,112,3,5,9,0
203,MUSIC0000203,Gustaberg,FINAL FANTASY XI,BASE,FMS,143,3,5,8,0
204,MUSIC0000204,Selbina,FINAL FANTASY XI,BASE,FMS,117,4,5,10,0
205,MUSIC0000205,Recollection,FINAL FANTASY XI,BASE,FMS,172,2,4,7,0
206,MUSIC0000206,Awakening,FINAL FANTASY XI,BASE,BMS,135,3,5,7,12
207,MUSIC0000207,Shinryu,FINAL FANTASY XI,BASE,BMS,182,3,4,9,13
208,MUSIC0000208,The Sanctuary of Zi'Tah,FINAL FANTASY XI,BASE,FMS,129,2,3,7,0
209,MUSIC0000209,Fighters of the Crystal,FINAL FANTASY XI,BASE,BMS,131,2,4,9,12
210,MUSIC0000210,A New Horizon - Tavnazian Archipelago,FINAL FANTASY XI,BASE,FMS,150,3,5,8,0
211,MUSIC0000211,Ragnarok,FINAL FANTASY XI,BASE,BMS,125,2,6,9,12
212,MUSIC0000212,Heavens Tower,FINAL FANTASY XI,BASE,FMS,119,2,4,7,0
213,MUSIC0000213,Sarutabaruta,FINAL FANTASY XI,BASE,FMS,132,2,4,7,0
214,MUSIC0000214,Voyager,FINAL FANTASY XI,BASE,FMS,106,3,5,8,0
215,MUSIC0000215,Melodies Errant,FINAL FANTASY XI,BASE,BMS,110,3,6,10,0
216,MUSIC0000216,Tough Battle #2,FINAL FANTASY XI,BASE,BMS,130,2,4,9,0
217,MUSIC0000217,Iron Colossus,FINAL FANTASY XI,BASE,BMS,129,2,4,8,0
218,MUSIC0000218,FINAL FANTASY (FFXII Version),FINAL FANTASY XII,BASE,BMS,118,3,4,8,0
219,MUSIC0000219,Ending Movie (from FINAL FANTASY XII Original Soundtrack),FINAL FANTASY XII,BASE,BMS,140,4,6,10,0
220,MUSIC0000220,The Archadian Empire - original - from FINAL FANTASY XII,FINAL FANTASY XII,BASE,FMS,140,3,5,8,0
221,MUSIC0000221,The Archadian Empire - original - from FINAL FANTASY XII,FINAL FANTASY XII,BASE,EMS,143,2,5,8,0
222,MUSIC0000222,Boss Battle,FINAL FANTASY XII,BASE,BMS,129,2,5,8,0
223,MUSIC0000223,Streets of Rabanastre,FINAL FANTASY XII,BASE,FMS,114,4,6,8,0
224,MUSIC0000224,The Dalmasca Estersand,FINAL FANTASY XII,BASE,FMS,129,2,5,8,12
225,MUSIC0000225,Heart of a Child,FINAL FANTASY XII,BASE,FMS,117,3,5,10,0
226,MUSIC0000226,Giza Plains (from FINAL FANTASY XII Original Soundtrack),FINAL FANTASY XII,BASE,FMS,141,2,5,9,0
227,MUSIC0000227,Flash of Steel,FINAL FANTASY XII,BASE,BMS,119,3,5,6,11
228,MUSIC0000228,Battle with an Esper,FINAL FANTASY XII,BASE,BMS,126,3,5,8,0
229,MUSIC0000229,Life and Death,FINAL FANTASY XII,BASE,BMS,126,2,5,9,0
230,MUSIC0000230,Phon Coast,FINAL FANTASY XII,BASE,FMS,119,3,5,9,12
231,MUSIC0000231,The Mosphoran Highwaste,FINAL FANTASY XII,BASE,FMS,124,3,5,8,0
232,MUSIC0000232,Struggle for Freedom,FINAL FANTASY XII,BASE,BMS,146,3,4,9,12
233,,,,,,,,,,
234,,,,,,,,,,
235,MUSIC0000235,Defiers of Fate,FINAL FANTASY XIII,BASE,BMS,144,4,5,8,13
236,MUSIC0000236,Defiers of Fate,FINAL FANTASY XIII,BASE,EMS,148,3,5,9,0
237,MUSIC0000237,Saber's Edge,FINAL FANTASY XIII,BASE,BMS,166,2,5,9,0
238,MUSIC0000238,Blinded By Light,FINAL FANTASY XIII,BASE,BMS,159,3,4,8,12
239,MUSIC0000239,March of the Dreadnoughts,FINAL FANTASY XIII,BASE,FMS,133,3,5,10,0
240,MUSIC0000240,The Sunleth Waterscape,FINAL FANTASY XIII,BASE,FMS,123,3,5,9,12
241,MUSIC0000241,Fighting Fate,FINAL FANTASY XIII,BASE,BMS,135,3,4,8,12
242,MUSIC0000242,Will to Fight,FINAL FANTASY XIII,BASE,BMS,118,3,5,8,0
243,MUSIC0000243,The Archylte Steppe,FINAL FANTASY XIII,BASE,FMS,129,2,4,7,0
244,MUSIC0000244,Dust to Dust,FINAL FANTASY XIII,BASE,FMS,123,2,4,6,0
245,MUSIC0000245,Eden Under Siege,FINAL FANTASY XIII,BASE,BMS,151,2,3,8,0
246,MUSIC0000246,The Gapra Whitewood,FINAL FANTASY XIII,BASE,FMS,123,2,4,7,0
247,MUSIC0000247,Desperate Struggle,FINAL FANTASY XIII,BASE,BMS,105,2,5,8,0
248,MUSIC0000248,Nascent Requiem,FINAL FANTASY XIII,BASE,BMS,164,4,6,8,14
249,MUSIC0000249,Warrior Goddess,FINAL FANTASY XIII SERIES,BASE,EMS,129,3,5,8,0
250,MUSIC0000250,Etro's Champion,FINAL FANTASY XIII SERIES,BASE,BMS,134,3,4,7,13
251,MUSIC0000251,Full Speed Ahead,FINAL FANTASY XIII SERIES,BASE,BMS,233,4,6,10,0
252,MUSIC0000252,Paradigm Shift,FINAL FANTASY XIII SERIES,BASE,BMS,180,4,5,9,13
253,MUSIC0000253,Groovy Chocobo,FINAL FANTASY XIII SERIES,BASE,FMS,110,2,6,8,0
254,MUSIC0000254,The Last Hunter,FINAL FANTASY XIII SERIES,BASE,BMS,142,2,4,10,0
255,MUSIC0000255,Crazy Chocobo,FINAL FANTASY XIII SERIES,BASE,FMS,117,4,7,10,14
256,MUSIC0000256,Heart of Chaos,FINAL FANTASY XIII SERIES,BASE,BMS,162,3,5,10,14
257,MUSIC0000257,Historia Crux,FINAL FANTASY XIII SERIES,BASE,FMS,116,2,5,9,0
258,MUSIC0000258,Eclipse,FINAL FANTASY XIII SERIES,BASE,FMS,163,3,7,9,0
259,MUSIC0000259,Noel's Theme - Final Journey -,FINAL FANTASY XIII SERIES,BASE,FMS,136,2,4,7,0
260,MUSIC0000260,The Savior - LIGHTNING RETURNS:FINAL FANTASY XIII -,FINAL FANTASY XIII SERIES,BASE,BMS,150,3,5,10,14
261,MUSIC0000261,The Savior - LIGHTNING RETURNS:FINAL FANTASY XIII -,FINAL FANTASY XIII SERIES,BASE,EMS,153,2,5,8,0
262,MUSIC0000262,LIGHTNING RETURNS - LIGHTNING RETURNS:FINAL FANTASY XIII -,FINAL FANTASY XIII SERIES,BASE,BMS,133,4,5,9,11
263,MUSIC0000263,Crimson Blitz,FINAL FANTASY XIII SERIES,BASE,BMS,118,3,6,10,13
264,MUSIC0000264,Chaos,FINAL FANTASY XIII SERIES,BASE,BMS,127,3,6,9,0
265,MUSIC0000265,The Dead Dunes,FINAL FANTASY XIII SERIES,BASE,FMS,174,2,4,8,0
266,MUSIC0000266,The Glittering City of Yusnaan,FINAL FANTASY XIII SERIES,BASE,FMS,167,3,5,8,0
267,MUSIC0000267,Answers,FINAL FANTASY XIV,BASE,EMS,173,1,3,6,0
268,MUSIC0000268,Hard to Miss,FINAL FANTASY XIV,BASE,BMS,102,2,5,9,0
269,MUSIC0000269,On Westerly Winds,FINAL FANTASY XIV,BASE,FMS,151,3,4,7,0
270,MUSIC0000270,The Land Breathes,FINAL FANTASY XIV,BASE,BMS,142,3,5,7,0
271,MUSIC0000271,Serenity,FINAL FANTASY XIV,BASE,FMS,104,3,5,8,0
272,MUSIC0000272,Primal Judgment,FINAL FANTASY XIV,BASE,BMS,149,2,5,9,0
273,MUSIC0000273,Torn from the Heavens,FINAL FANTASY XIV,BASE,BMS,126,3,4,9,11
274,MUSIC0000274,To the Sun,FINAL FANTASY XIV,BASE,FMS,140,3,4,8,0
275,MUSIC0000275,Nemesis,FINAL FANTASY XIV,BASE,BMS,141,2,4,10,0
276,MUSIC0000276,Under the Weight,FINAL FANTASY XIV,BASE,BMS,141,4,5,10,13
277,MUSIC0000277,Engage,FINAL FANTASY XIV,BASE,FMS,131,3,5,9,11
278,MUSIC0000278,Fallen Angel,FINAL FANTASY XIV,BASE,BMS,154,2,4,9,13
279,MUSIC0000279,Good King Moggle Mog XII,FINAL FANTASY XIV,BASE,BMS,163,3,4,8,0
280,MUSIC0000280,Ultima,FINAL FANTASY XIV,BASE,BMS,176,2,4,9,12
281,MUSIC0000281,Through the Maelstrom,FINAL FANTASY XIV,BASE,BMS,151,3,4,9,12
282,MUSIC0000282,A Light in the Storm,FINAL FANTASY XIV,BASE,FMS,135,3,4,9,0
283,MUSIC0000283,Oblivion,FINAL FANTASY XIV,BASE,BMS,137,3,4,9,13
284,MUSIC0000284,Ominous Prognisticks,FINAL FANTASY XIV,BASE,BMS,117,2,4,8,12
285,MUSIC0000285,Ink Long Dry,FINAL FANTASY XIV,BASE,FMS,145,3,5,10,13
286,MUSIC0000286,Heroes,FINAL FANTASY XIV,BASE,BMS,116,2,4,8,11
287,MUSIC0000287,Locus,FINAL FANTASY XIV,BASE,BMS,136,3,5,9,13
288,MUSIC0000288,Metal - Brute Justice Mode,FINAL FANTASY XIV,BASE,BMS,138,4,6,9,13
289,MUSIC0000289,Exponential Entropy,FINAL FANTASY XIV,BASE,BMS,173,3,5,9,13
290,MUSIC0000290,Moebius,FINAL FANTASY XIV,BASE,BMS,118,3,5,8,11
291,MUSIC0000291,Rise,FINAL FANTASY XIV,BASE,BMS,119,3,6,9,14
292,MUSIC0000292,The Worm's Tail,FINAL FANTASY XIV,BASE,BMS,147,3,5,9,14
293,MUSIC0000293,Wayward Daughter,FINAL FANTASY XIV,BASE,BMS,162,2,5,8,14
294,MUSIC0000294,Stand Your Ground,FINAL FANTASY XV,BASE,BMS,108,3,5,10,0
295,MUSIC0000295,Veiled in Black,FINAL FANTASY XV,BASE,BMS,132,3,4,9,12
296,MUSIC0000296,Valse di Fantastica,FINAL FANTASY XV,BASE,FMS,130,3,5,10,12
297,MUSIC0000297,The Fight Is On!,FINAL FANTASY XV,BASE,BMS,143,3,5,8,0
298,MUSIC0000298,APOCALYPSIS NOCTIS (Uncovered Trailer),FINAL FANTASY XV,BASE,BMS,128,3,5,9,13
299,MUSIC0000299,Flying R,FINAL FANTASY XV,BASE,FMS,133,3,4,8,12
300,MUSIC0000300,Invidia,FINAL FANTASY XV,BASE,BMS,154,4,5,9,13
301,MUSIC0000301,OMNIS LACRIMA,FINAL FANTASY XV,BASE,BMS,140,3,4,8,12
302,MUSIC0000302,Up for the Challenge,FINAL FANTASY XV,BASE,BMS,111,3,5,8,11
303,MUSIC0000303,NOCTIS,FINAL FANTASY XV,BASE,FMS,131,3,5,9,0
304,MUSIC0000304,Somnus,FINAL FANTASY XV,BASE,FMS,146,3,4,6,0
305,MUSIC0000305,Hellfire,FINAL FANTASY XV,BASE,BMS,155,3,5,9,12
306,MUSIC0000306,Magna Insomnia,FINAL FANTASY XV,BASE,BMS,316,5,6,9,13
307,MUSIC0000307,Main Theme from FINAL FANTASY,FINAL FANTASY XV,BASE,FMS,125,3,5,8,0
308,MUSIC0000308,Hill of Destiny,MYSTIC QUEST,BASE,BMS,115,4,6,10,14
309,MUSIC0000309,Battle 1,MYSTIC QUEST,BASE,BMS,131,3,4,9,0
310,MUSIC0000310,Battle 2,MYSTIC QUEST,BASE,BMS,99,3,5,8,15
311,MUSIC0000311,Doom Castle,MYSTIC QUEST,BASE,FMS,117,3,5,9,13
312,MUSIC0000312,Battle 3,MYSTIC QUEST,BASE,BMS,124,4,5,10,14
313,MUSIC0000313,Opening,FINAL FANTASY TACTICS,BASE,EMS,73,2,4,6,0
314,MUSIC0000314,Prologue,FINAL FANTASY TACTICS,BASE,FMS,173,3,4,7,0
315,MUSIC0000315,Trisection,FINAL FANTASY TACTICS,BASE,BMS,144,3,4,9,12
316,MUSIC0000316,Apoplexy,FINAL FANTASY TACTICS,BASE,BMS,124,3,6,10,13
317,MUSIC0000317,Antipyretic,FINAL FANTASY TACTICS,BASE,BMS,112,3,5,10,0
318,MUSIC0000318,Precipitous Combat,FINAL FANTASY TACTICS,BASE,BMS,105,4,6,10,12
319,MUSIC0000319,Ultima's Transformation,FINAL FANTASY TACTICS,BASE,BMS,130,2,4,7,12
320,MUSIC0000320,Ovelia's Theme,FINAL FANTASY TACTICS,BASE,FMS,154,2,4,6,0
321,,,,,,,,,,
322,,,,,,,,,,
323,,,,,,,,,,
324,,,,,,,,,,
325,,,,,,,,,,
326,,,,,,,,,,
327,,,,,,,,,,
328,MUSIC0000328,This Is the End for You!,CRYSTAL CHRONICLES SERIES,BASE,BMS,164,3,6,9,13
329,,,,,,,,,,
330,MUSIC0000330,We Have Come,FINAL FANTASY TYPE-0,BASE,BMS,135,3,4,7,12
331,MUSIC0000331,We Have Come,FINAL FANTASY TYPE-0,BASE,EMS,138,3,6,9,0
332,MUSIC0000332,War: Warrior Worth a Thousand,FINAL FANTASY TYPE-0,BASE,BMS,158,3,6,9,0
333,MUSIC0000333,The Earth Under Our Feet,FINAL FANTASY TYPE-0,BASE,FMS,115,2,5,7,0
334,MUSIC0000334,War: The White Weapon,FINAL FANTASY TYPE-0,BASE,BMS,117,3,5,9,12
335,MUSIC0000335,Tempus Finis,FINAL FANTASY TYPE-0,BASE,FMS,163,3,5,8,0
336,MUSIC0000336,Vermilion Fire,FINAL FANTASY TYPE-0,BASE,BMS,181,3,5,10,0
337,MUSIC0000337,Soar,FINAL FANTASY TYPE-0,BASE,FMS,116,2,5,8,0
338,MUSIC0000338,Zero,FINAL FANTASY TYPE-0,DX,BMS,227,2,5,9,12
339,MUSIC0000339,Lux Concordiae from DISSIDIA 012[duodecim] FINAL FANTASY,DISSIDIA FINAL FANTASY,BASE,EMS,84,1,4,6,0
340,MUSIC0000340,Keeping the Peace from DISSIDIA FINAL FANTASY,DISSIDIA FINAL FANTASY,BASE,FMS,138,2,4,7,0
341,MUSIC0000341,The Decisive Battle - arrange - from FINAL FANTASY VI,DISSIDIA FINAL FANTASY,BASE,BMS,112,3,5,9,0
342,MUSIC0000342,The Troops' Advance from DISSIDIA FINAL FANTASY,DISSIDIA FINAL FANTASY,BASE,BMS,118,2,4,7,0
343,MUSIC0000343,Battle 1 - arrange - from FINAL FANTASY IX,DISSIDIA FINAL FANTASY,BASE,BMS,114,3,5,9,0
344,MUSIC0000344,DISSIDIA - ending - from DISSIDIA FINAL FANTASY,DISSIDIA FINAL FANTASY,BASE,BMS,90,2,5,7,0
345,MUSIC0000345,DISSIDIA FINAL FANTASY【FINAL TRAILER】,DISSIDIA FINAL FANTASY,BASE,BMS,166,3,5,8,0
346,MUSIC0000346,Canto Mortis -An Undocumented Battle- from DISSIDIA 012[duodecim] FINAL FANTASY,DISSIDIA FINAL FANTASY,BASE,FMS,145,2,5,7,0
347,MUSIC0000347,Gate to the Rift from DISSIDIA 012[duodecim] FINAL FANTASY,DISSIDIA FINAL FANTASY,BASE,FMS,150,3,4,8,0
348,MUSIC0000348,Cantata Mortis from DISSIDIA 012[duodecim] FINAL FANTASY,DISSIDIA FINAL FANTASY,BASE,BMS,210,3,6,9,0
349,MUSIC0000349,DISSIDIA 012[duodecim] FINAL FANTASY【FINAL TRAILER】,DISSIDIA FINAL FANTASY,BASE,BMS,132,3,5,9,0
350,MUSIC0000350,The Rebel Army from FINAL FANTASY II (Arrangement),DISSIDIA FINAL FANTASY,BASE,BMS,122,4,5,10,13
351,MUSIC0000351,Eternal Wind from FINAL FANTASY III (DFF Arrangement),DISSIDIA FINAL FANTASY,BASE,BMS,134,3,4,8,0
352,MUSIC0000352,Dancing Mad from FINAL FANTASY Ⅵ (Arrangement),DISSIDIA FINAL FANTASY,BASE,BMS,113,3,6,9,14
353,MUSIC0000353,Antipyretic from FINAL FANTASY TACTICS (Arrangement),DISSIDIA FINAL FANTASY,BASE,BMS,128,3,5,8,12
354,MUSIC0000354,Massive Explosion (Short ver.) from DISSIDIA FINAL FANTASY -Arcade-,DISSIDIA FINAL FANTASY,BASE,BMS,130,2,4,7,0
355,MUSIC0000355,God in Fire - arrange - from DISSIDIA FINAL FANTASY,DISSIDIA FINAL FANTASY,BASE,BMS,121,2,4,7,11
356,MUSIC0000356,Ominous Prognisticks from FINAL FANTASY XIV (Arrangement),DISSIDIA FINAL FANTASY,BASE,BMS,116,3,5,8,0
357,MUSIC0000357,The Beginning of the End from FINAL FANTASY TYPE-0 (Arrangement),DISSIDIA FINAL FANTASY,BASE,BMS,158,2,4,9,0
358,MUSIC0000358,Spark from DISSIDIA FINAL FANTASY OPERA OMNIA,DISSIDIA FINAL FANTASY,BASE,BMS,92,3,4,7,0
359,MUSIC0000359,Warrior of Light - Mobius Final Fantasy,MOBIUS FINAL FANTASY,BASE,BMS,112,3,4,8,12
360,MUSIC0000360,Dancing Edge,MOBIUS FINAL FANTASY,BASE,BMS,115,3,5,8,14
361,MUSIC0000361,Magic Madness,MOBIUS FINAL FANTASY,BASE,BMS,108,3,5,9,0
362,MUSIC0000362,Femme Fatale,MOBIUS FINAL FANTASY,BASE,BMS,116,4,6,10,0
363,MUSIC0000363,Bloodthirst,MOBIUS FINAL FANTASY,BASE,BMS,146,3,6,9,15
364,MUSIC0000364,THEATRHYTHM FINAL FANTASY CURTAIN CALL Special Arrangement Medley(Long Version),THEATRHYTHM,BASE,BMS,284,3,4,8,0
365,MUSIC0000365,THEATRHYTHM FINAL FANTASY CURTAIN CALL Special Arrangement Medley,THEATRHYTHM,BASE,EMS,205,3,5,8,0
366,MUSIC0000366,The Chaos Shrine - TFF Menu Arrangement - From FF,THEATRHYTHM,BASE,BMS,89,3,5,10,0
367,MUSIC0000367,Return of the Warrior - TFF Menu Arrangement - From FFIII,THEATRHYTHM,BASE,FMS,86,4,6,9,11
368,MUSIC0000368,Battle at the Big Bridge - TFF Menu Arrangement - From FFV,THEATRHYTHM,BASE,BMS,89,3,6,10,14
369,MUSIC0000369,Choose Your Combatants - TFFCC Menu Arrangement - From FFT,THEATRHYTHM,BASE,BMS,88,3,5,10,0
370,,,,,,,,,,
371,MUSIC0000371,Fight With Seymour - TFFAC Arrangement - From FFX,THEATRHYTHM,BASE,BMS,148,3,6,9,15
372,MUSIC0000372,Matoya's Cave - TFFAC Arrangement - From FF,THEATRHYTHM,BASE,FMS,151,4,7,10,16
373,MUSIC0000373,Prelude - TFFAC Menu Arrangement - From FF,THEATRHYTHM,BASE,FMS,108,3,5,9,14
374,MUSIC0000374,Main Theme of Final Fantasy V - TFFAC Arrangement - From FFV,THEATRHYTHM,BASE,BMS,147,4,6,10,15
375,MUSIC0000375,Locke's Theme - TFFAC Arrangement - From FFVI,THEATRHYTHM,BASE,BMS,137,4,6,10,15
376,MUSIC0000376,J-E-N-O-V-A - TFFAC Arrangement - From FFVII,THEATRHYTHM,BASE,BMS,145,4,6,10,15
377,MUSIC0000377,The Red Wings - TFFAC Arrangement - From FFIV,THEATRHYTHM,BASE,FMS,130,5,6,10,16
378,MUSIC0000378,TFFCC Special Arrangement Medley - TFFAC Arrangement - From TFFCC,THEATRHYTHM,BASE,BMS,179,4,6,11,16
379,MUSIC0000379,Battle at the Big Bridge - TFFAC Arrangement - From FFV,THEATRHYTHM,BASE,BMS,136,5,8,12,16
380,MUSIC0000380,World of Battle,FINAL FANTASY SERIES,BASE,BMS,159,2,4,9,0
381,MUSIC0000381,Battle at the Big Bridge～Ver.2～ FFRK Ver. arrange,FINAL FANTASY RECORD KEEPER,BASE,BMS,124,3,5,10,14
382,MUSIC0000382,The Decisive Battle FFRK Ver. arrange from FFVI,FINAL FANTASY RECORD KEEPER,BASE,BMS,126,4,6,10,13
383,MUSIC0000383,The Man with the Machine Gun FFRK Ver. arrange from FFVIII,FINAL FANTASY RECORD KEEPER,BASE,BMS,116,3,5,9,0
384,MUSIC0000384,Blinded By Light FFRK Ver. arrange from FFXIII,FINAL FANTASY RECORD KEEPER,BASE,BMS,126,3,5,9,11
385,MUSIC0000385,The Chase FFRK Ver. arrange from FFVII,FINAL FANTASY RECORD KEEPER,BASE,BMS,134,3,5,10,12
386,MUSIC0000386,UTAKATA FFRK Ver. arrange from FFType-0,FINAL FANTASY RECORD KEEPER,BASE,BMS,117,3,6,8,0
387,MUSIC0000387,Chaos Shrine FFRK Ver. arrange from FFI,FINAL FANTASY RECORD KEEPER,BASE,BMS,129,2,5,8,11
388,MUSIC0000388,Stand Your Ground FFRK Ver. arrange from FFXV,FINAL FANTASY RECORD KEEPER,BASE,BMS,111,3,5,9,12
389,MUSIC0000389,Opening Theme,FINAL FANTASY SERIES,BASE,BMS,254,3,4,7,12
390,MUSIC0000390,Moogles' Theme,FINAL FANTASY SERIES,BASE,FMS,170,2,4,7,0
391,MUSIC0000391,FF Medley,FINAL FANTASY SERIES,BASE,FMS,206,3,5,8,0
392,MUSIC0000392,Battle at the Big Bridge,FINAL FANTASY SERIES,BASE,BMS,117,2,5,9,11
393,MUSIC0000393,Mambo de Chocobo,FINAL FANTASY SERIES,BASE,FMS,195,3,4,8,0
394,MUSIC0000394,Dungeon Hero X's Theme,SQUARE ENIX TITLES,BASE,BMS,133,3,6,9,14
395,MUSIC0000395,Raffaello Battle,SQUARE ENIX TITLES,BASE,BMS,144,3,5,10,14
396,MUSIC0000396,Pop-Up Duel,SQUARE ENIX TITLES,BASE,BMS,124,3,5,9,13
397,MUSIC0000397,Guardian of the Dark II,SQUARE ENIX TITLES,BASE,BMS,176,3,5,9,0
398,MUSIC0000398,Leviathan Battle,SQUARE ENIX TITLES,BASE,BMS,131,3,5,9,0
399,MUSIC0000399,Struggle to the Death,SQUARE ENIX TITLES,DLC,BMS,107,4,6,9,0
400,MUSIC0000400,The Conflict,SQUARE ENIX TITLES,DLC,BMS,104,3,5,9,13
401,MUSIC0000401,Horrible Shadow,SQUARE ENIX TITLES,DLC,FMS,132,3,5,8,13
402,MUSIC0000402,Coup de Grace,SQUARE ENIX TITLES,DLC,BMS,150,3,5,10,14
403,MUSIC0000403,Beat Them Up!,SQUARE ENIX TITLES,DLC,BMS,125,3,6,10,0
404,MUSIC0000404,Title Screen,SQUARE ENIX TITLES,DLC,BMS,134,2,4,7,0
405,MUSIC0000405,The Ultimate Confrontation,SQUARE ENIX TITLES,DLC,BMS,145,3,5,9,11
406,MUSIC0000406,Encounter with the Seven Heroes,SQUARE ENIX TITLES,DLC,BMS,165,3,5,10,13
407,MUSIC0000407,Four Sinistrals Battle I,SQUARE ENIX TITLES,DLC,BMS,143,3,5,9,14
408,MUSIC0000408,Four Sinistrals Battle II,SQUARE ENIX TITLES,DLC,BMS,124,3,5,10,14
409,MUSIC0000409,Final Confrontation,SQUARE ENIX TITLES,DLC,BMS,138,3,6,10,14
410,MUSIC0000410,Ardent Rhythm,SQUARE ENIX TITLES,DLC,BMS,119,4,6,9,14
411,MUSIC0000411,Battle #4,SQUARE ENIX TITLES,DLC,BMS,113,3,5,9,13
412,MUSIC0000412,Alone,SQUARE ENIX TITLES,DLC,FMS,164,2,4,8,0
413,MUSIC0000413,Battle #5,SQUARE ENIX TITLES,DLC,BMS,158,3,5,10,14
414,MUSIC0000414,T260G's Last Battle,SQUARE ENIX TITLES,DLC,BMS,140,3,6,9,14
415,MUSIC0000415,Feldschlacht III,SQUARE ENIX TITLES,DLC,BMS,125,4,6,8,12
416,MUSIC0000416,Mißgestalt,SQUARE ENIX TITLES,DLC,BMS,132,2,4,9,14
417,MUSIC0000417,Battle Theme I,SQUARE ENIX TITLES,DLC,BMS,110,4,5,10,14
418,MUSIC0000418,In Search of the Sword of Mana,SQUARE ENIX TITLES,DLC,BMS,91,3,5,8,0
419,MUSIC0000419,Into the Thick of It,SQUARE ENIX TITLES,DLC,BMS,107,3,4,10,0
420,MUSIC0000420,Danger,SQUARE ENIX TITLES,DLC,BMS,126,3,6,10,14
421,MUSIC0000421,Meridian Dance,SQUARE ENIX TITLES,DLC,BMS,109,4,5,9,13
422,MUSIC0000422,Swivel,SQUARE ENIX TITLES,DLC,BMS,102,3,4,10,0
423,MUSIC0000423,Powell,SQUARE ENIX TITLES,DLC,FMS,126,3,6,10,0
424,MUSIC0000424,Meridian Child,SQUARE ENIX TITLES,DLC,FMS,150,3,5,9,0
425,MUSIC0000425,Sacrifice Part Three,SQUARE ENIX TITLES,DLC,BMS,233,4,5,9,13
426,MUSIC0000426,Hometown of Domina,SQUARE ENIX TITLES,DLC,FMS,119,3,5,9,0
427,MUSIC0000427,Bejeweled City in Ruins,SQUARE ENIX TITLES,DLC,FMS,191,2,4,7,0
428,MUSIC0000428,Chrono Trigger,SQUARE ENIX TITLES,DLC,BMS,122,2,4,9,12
429,MUSIC0000429,Wind Scene,SQUARE ENIX TITLES,DLC,FMS,122,3,5,9,0
430,MUSIC0000430,Frog's Theme,SQUARE ENIX TITLES,DLC,BMS,98,2,5,9,0
431,MUSIC0000431,Boss Battle 2,SQUARE ENIX TITLES,DLC,BMS,118,3,5,9,13
432,MUSIC0000432,Battle with Magus,SQUARE ENIX TITLES,DLC,BMS,136,3,5,9,13
433,MUSIC0000433,Corridors of Time,SQUARE ENIX TITLES,DLC,FMS,135,2,4,9,0
434,MUSIC0000434,World Revolution,SQUARE ENIX TITLES,DLC,BMS,124,2,4,9,14
435,MUSIC0000435,To Far Away Times,SQUARE ENIX TITLES,DLC,FMS,262,3,4,9,0
436,MUSIC0000436,Twister,SQUARE ENIX TITLES,DLC,BMS,77,3,5,9,11
437,MUSIC0000437,Calling,SQUARE ENIX TITLES,DLC,FMS,131,3,5,7,0
438,MUSIC0000438,Someday,SQUARE ENIX TITLES,DLC,BMS,125,3,5,9,0
439,MUSIC0000439,LIVE・A・LIVE,SQUARE ENIX TITLES,DLC,BMS,123,3,6,9,14
440,MUSIC0000440,"Birds Fly, Fish Swim",SQUARE ENIX TITLES,DLC,FMS,109,2,5,8,0
441,MUSIC0000441,MEGALOMANIA,SQUARE ENIX TITLES,DLC,BMS,105,3,5,9,13
442,MUSIC0000442,Kaine / Salvation,SQUARE ENIX TITLES,DLC,FMS,98,3,5,7,0
443,MUSIC0000443,Song of the Ancients / Fate,SQUARE ENIX TITLES,DLC,BMS,156,4,6,9,13
444,MUSIC0000444,Hills of Radiant Winds,SQUARE ENIX TITLES,DLC,BMS,94,3,6,9,0
445,MUSIC0000445,Song of the Ancients / Devola,SQUARE ENIX TITLES,DLC,FMS,152,2,5,8,0
446,MUSIC0000446,Shadowlord,SQUARE ENIX TITLES,DLC,BMS,272,3,5,9,13
447,MUSIC0000447,Amusement Park,SQUARE ENIX TITLES,DLC,FMS,132,2,3,7,11
448,MUSIC0000448,A Beautiful Song,SQUARE ENIX TITLES,DLC,BMS,134,2,4,8,0
449,MUSIC0000449,Emil's Shop,SQUARE ENIX TITLES,DLC,FMS,107,3,5,7,0
450,MUSIC0000450,Blazing Knights,SQUARE ENIX TITLES,DLC,BMS,122,3,5,8,0
451,MUSIC0000451,Soaring,SQUARE ENIX TITLES,DLC,BMS,161,3,4,8,12
452,MUSIC0000452,Octopath Traveler -Main Theme-,SQUARE ENIX TITLES,DLC,FMS,150,3,6,9,0
453,MUSIC0000453,Decisive Battle II,SQUARE ENIX TITLES,DLC,BMS,194,4,6,10,14
454,MUSIC0000454,The Horizon: Endless Light and Shadow,SQUARE ENIX TITLES,DLC,FMS,125,2,4,7,0
455,MUSIC0000455,That of the Name,SQUARE ENIX TITLES,DLC,BMS,172,3,6,10,13
456,MUSIC0000456,The Evil Wings,SQUARE ENIX TITLES,DLC,BMS,247,3,6,10,0
457,MUSIC0000457,"Uroboros, the Serpent That Devours the Horizon",SQUARE ENIX TITLES,DLC,BMS,223,3,5,9,0
458,MUSIC0000458,Why,FINAL FANTASY VII SERIES,DX,BMS,145,2,4,7,0
459,MUSIC0000459,Eyes On Me,FINAL FANTASY VIII,DX,FMS,166,2,4,7,0
460,MUSIC0000460,Distant Worlds,FINAL FANTASY XI,DX,FMS,198,2,4,7,0
461,MUSIC0000461,Kiss Me Good-Bye-featured in FINAL FANTASY XII-,FINAL FANTASY XII,DX,FMS,140,1,4,6,0
462,MUSIC0000462,Eternal Love,FINAL FANTASY XIII,DX,FMS,185,2,5,8,0
463,MUSIC0000463,The Invincible,FINAL FANTASY III,BASE,FMS,122,3,5,9,11
464,MUSIC0000464,Plains of Eternity,FINAL FANTASY XIII SERIES,BASE,FMS,111,2,4,7,0
465,MUSIC0000465,Triumph,FINAL FANTASY XIV,BASE,BMS,175,3,5,9,0
466,MUSIC0000466,Sunrise,FINAL FANTASY XIV,BASE,BMS,125,2,5,8,0
467,MUSIC0000467,A Long Fall,FINAL FANTASY XIV,BASE,BMS,143,3,6,10,14
468,MUSIC0000468,What Angel Wakes Me,FINAL FANTASY XIV,BASE,BMS,158,3,5,9,11
469,MUSIC0000469,Promises to Keep,FINAL FANTASY XIV,BASE,BMS,160,3,6,9,0
470,MUSIC0000470,Who Brings Shadow,FINAL FANTASY XIV,BASE,BMS,239,3,6,9,12
471,MUSIC0000471,APOCALYPSIS NOCTIS,FINAL FANTASY XV,BASE,EMS,253,3,6,9,0
472,MUSIC0000472,Shield of the King - Theme of EPISODE GLADIOLUS,FINAL FANTASY XV,BASE,FMS,130,3,5,8,0
473,MUSIC0000473,Home Sweet Home - Theme of EPISODE PROMPTO,FINAL FANTASY XV,BASE,FMS,193,2,4,8,0
474,MUSIC0000474,EPISODE IGNIS - The Main Theme,FINAL FANTASY XV,BASE,FMS,147,4,6,9,0
475,MUSIC0000475,The Dance of Silver and Crimson,FINAL FANTASY XV,BASE,BMS,213,3,5,9,14
476,,,,,,,,,,
477,MUSIC0000477,FFVII REMAKE: Bombing Mission,FINAL FANTASY VII REMAKE,BASE,BMS,191,3,5,9,0
478,MUSIC0000478,FFVII REMAKE: Let the Battles Begin! - A Merc's Job,FINAL FANTASY VII REMAKE,BASE,BMS,157,3,6,9,0
479,MUSIC0000479,FFVII REMAKE: The Airbuster,FINAL FANTASY VII REMAKE,BASE,BMS,221,4,6,10,14
480,MUSIC0000480,FFVII REMAKE: J-E-N-O-V-A - Quickening,FINAL FANTASY VII REMAKE,BASE,BMS,137,3,6,8,12
481,MUSIC0000481,FFVII REMAKE: One-Winged Angel - Rebirth,FINAL FANTASY VII REMAKE,BASE,BMS,223,3,5,9,13
482,MUSIC0000482,FFVII REMAKE: Midgar Expressway,FINAL FANTASY VII REMAKE,BASE,FMS,133,3,5,10,14
483,MUSIC0000483,FFVII REMAKE: Main Theme of FFVII - Sector 7 Undercity,FINAL FANTASY VII REMAKE,BASE,FMS,161,1,4,8,0
484,MUSIC0000484,FFVII REMAKE: Collapsed Expressway,FINAL FANTASY VII REMAKE,BASE,FMS,140,2,4,8,11
485,MUSIC0000485,FFVII REMAKE: High Five,FINAL FANTASY VII REMAKE,BASE,BMS,194,3,5,9,11
486,MUSIC0000486,FFVII REMAKE: Tifa's Theme - Seventh Heaven,FINAL FANTASY VII REMAKE,BASE,FMS,190,1,4,7,0
487,MUSIC0000487,Dare to Defy,DISSIDIA FINAL FANTASY,BASE,BMS,152,2,5,7,11
488,MUSIC0000488,The 4 Heroes of Light,FINAL FANTASY SERIES,BASE,FMS,128,3,5,8,0
489,MUSIC0000489,Fiend Encounter,FINAL FANTASY SERIES,BASE,BMS,109,3,5,9,12
490,MUSIC0000490,Jack's Theme,FINAL FANTASY SERIES,BASE,BMS,137,3,6,9,0
491,MUSIC0000491,Battle: Chaos Advent,FINAL FANTASY SERIES,BASE,BMS,187,3,5,9,14
492,MUSIC0000492,"Battle: False Knight – Motif from ""Battle""",FINAL FANTASY SERIES,BASE,BMS,164,3,5,9,12
493,MUSIC0000493,Enraged Battle,SQUARE ENIX TITLES,DLC,BMS,103,3,6,8,0
494,MUSIC0000494,Ever Higher,SQUARE ENIX TITLES,DLC,BMS,146,3,5,9,13
495,MUSIC0000495,The Celestial Protectors,SQUARE ENIX TITLES,DLC,BMS,170,3,6,9,13
496,MUSIC0000496,Battle 2,SQUARE ENIX TITLES,DLC,BMS,132,3,5,9,0
497,MUSIC0000497,Nuclear Fusion,SQUARE ENIX TITLES,DLC,BMS,120,3,5,9,14
498,MUSIC0000498,Darkness Nova,SQUARE ENIX TITLES,DLC,BMS,133,2,5,9,13
499,MUSIC0000499,Radical Dreamers -Le Trésor Interdit-,SQUARE ENIX TITLES,DLC,FMS,124,2,4,7,0
500,MUSIC0000500,Chrono Chross -Scars of Time-,SQUARE ENIX TITLES,DLC,BMS,144,2,5,7,0
501,MUSIC0000501,Your Ocean,SQUARE ENIX TITLES,DLC,BMS,138,2,4,8,0
502,MUSIC0000502,Breaking Free,SQUARE ENIX TITLES,DLC,BMS,154,3,5,9,13
503,MUSIC0000503,World Is Yours,SQUARE ENIX TITLES,DLC,BMS,243,4,6,10,14
504,MUSIC0000504,Fleeting Worlds / Outsider,SQUARE ENIX TITLES,DLC,BMS,183,2,5,8,13
505,MUSIC0000505,Dependent Weakling,SQUARE ENIX TITLES,DLC,BMS,142,3,6,10,13
506,MUSIC0000506,Weight of the World Kowaretasekainouta - Marina Kawano,SQUARE ENIX TITLES,DLC,FMS,125,1,4,8,0
507,MUSIC0000507,"Primrose, the Dancer",SQUARE ENIX TITLES,DLC,FMS,128,3,5,8,0
508,MUSIC0000508,Hollow,FINAL FANTASY VII REMAKE,BASE,EMS,211,3,5,8,0
509,MUSIC0000509,Clash on the Big Bridge (FINAL FANTASY V),FINAL FANTASY SERIES,DX,BMS,141,3,5,9,13
510,MUSIC0000510,The Skies Above,FINAL FANTASY SERIES,DX,BMS,119,2,5,8,0
511,MUSIC0000511,Fighters of the Crystal,FINAL FANTASY SERIES,DX,BMS,200,2,5,9,0
512,MUSIC0000512,More SQ: FINAL FANTASY Dugem DE Chocobo,FINAL FANTASY SERIES,DX,FMS,138,3,5,9,14
513,MUSIC0000513,"SQ Chips: FINAL FANTASY III ""Go above the Clouds!～The Invincible""",FINAL FANTASY SERIES,DX,FMS,195,4,7,10,15
514,MUSIC0000514,Battle SQ : FINAL FANTASY IX Not Alone,FINAL FANTASY SERIES,DX,BMS,126,3,5,9,12
515,MUSIC0000515,Blinded By Light Jazz Arrangement,FINAL FANTASY SERIES,DX,BMS,112,2,5,7,0
516,MUSIC0000516,Acoustic: The Decisive Battle,FINAL FANTASY SERIES,DX,BMS,126,3,5,8,0
517,MUSIC0000517,Band:Rise,FINAL FANTASY SERIES,DX,BMS,225,4,6,10,15
518,MUSIC0000518,Band: A Long Fall,FINAL FANTASY SERIES,DX,BMS,260,3,6,10,13
519,MUSIC0000519,Aerith's Theme -Collab Arrangement-,FINAL FANTASY SERIES,DX,BMS,131,2,4,8,0
520,MUSIC0000520,Cosmo Canyon -Collab Arrangement-,FINAL FANTASY SERIES,DX,FMS,150,3,5,8,0
521,,,,,,,,,,
522,,,,,,,,,,
523,,,,,,,,,,
524,MUSIC0000524,Battle at Journey's End,SQUARE ENIX TITLES,DLC,BMS,216,3,5,9,13
525,MUSIC0000525,Daughter of the Dark God,SQUARE ENIX TITLES,DLC,BMS,150,3,6,10,0
526,MUSIC0000526,Go! Go! Steel Titan!,SQUARE ENIX TITLES,DLC,BMS,62,3,5,7,0
527,MUSIC0000527,Awakening,SQUARE ENIX TITLES,DLC,BMS,133,3,5,8,0
528,MUSIC0000528,The One Who Gathers Stars in the Night,SQUARE ENIX TITLES,DLC,BMS,245,3,6,10,14
529,MUSIC0000529,"Spurred into Flight, Drenched and Fallen - The Night Rises",SQUARE ENIX TITLES,DLC,BMS,170,3,6,9,12
530,,,,,,,,,,
531,MUSIC0000531,Away,FINAL FANTASY XVI,DLC,BMS,238,3,5,10,14
532,MUSIC0000532,Find The Flame,FINAL FANTASY XVI,DLC,BMS,108,4,5,9,13
533,MUSIC0000533,Control,FINAL FANTASY XVI,DLC,BMS,222,2,4,8,11
534,MUSIC0000534,Titan Lost,FINAL FANTASY XVI,DLC,BMS,128,2,4,9,13
535,MUSIC0000535,Ascension,FINAL FANTASY XVI,DLC,FMS,253,3,5,9,14
536,MUSIC0000536,The Riddle,FINAL FANTASY XVI,DLC,BMS,181,3,6,10,14
537,MUSIC0000537,Logos,FINAL FANTASY XVI,DLC,BMS,185,3,6,10,15
538,MUSIC0000538,Wings That Cross Time,SQUARE ENIX TITLES,DLC,FMS,189,2,5,9,13
539,MUSIC0000539,Robo's Theme,SQUARE ENIX TITLES,DLC,FMS,147,2,4,7,0
540,MUSIC0000540,FFCCR: Moonless Starry Night,CRYSTAL CHRONICLES SERIES,BASE,EMS,123,2,4,6,0
541,MUSIC0000541,FFCCR: Today Comes To Be Tomorrow,CRYSTAL CHRONICLES SERIES,BASE,FMS,121,2,4,8,0
542,MUSIC0000542,FFCCR: Promised Grace,CRYSTAL CHRONICLES SERIES,BASE,FMS,106,3,5,10,0
543,MUSIC0000543,FFCCR: Monster Ronde,CRYSTAL CHRONICLES SERIES,BASE,BMS,141,3,4,8,12
544,MUSIC0000544,FFCCR: Across the Divide,CRYSTAL CHRONICLES SERIES,BASE,FMS,124,4,5,10,13
545,MUSIC0000545,FFCCR: Woebegone Creature,CRYSTAL CHRONICLES SERIES,BASE,BMS,204,3,5,9,14
546,MUSIC0000546,"FFCCR: United,  Heaven-Sent",CRYSTAL CHRONICLES SERIES,BASE,BMS,160,3,5,8,0
547,MUSIC0000547,FFCCR: Sound of the Wind,CRYSTAL CHRONICLES SERIES,DX,FMS,136,3,6,9,0
548,MUSIC0000548,THEATRHYTHM FINAL BAR LINE Special Battle Arrangement Medley,THEATRHYTHM,BASE,BMS,229,4,7,10,14
549,MUSIC0000549,FFVII Special Arrangement Medley - TFBL Arrangement - From FFVII,THEATRHYTHM,BASE,BMS,235,3,5,11,15
550,MUSIC0000550,"Symphonic Poem ""Hope"" ～FINAL FANTASY XII PV ver.～",FINAL FANTASY XII,DX,FMS,233,2,4,8,0
551,,,,,,,,,,
552,,,,,,,,,,
553,,,,,,,,,,
554,,,,,,,,,,
555,,,,,,,,,,
556,,,,,,,,,,
557,MUSIC0000557,Battle Theme 2 -Modulation ver.- from FINAL FANTASY II,FINAL FANTASY SERIES,DX,BMS,115,4,7,11,0
558,MUSIC0000558,Battle at the Big Bridge -Modulation ver.- from FINAL FANTASY V,FINAL FANTASY SERIES,DX,BMS,202,3,7,10,15
559,MUSIC0000559,To Sail Forbidden Seas,FINAL FANTASY XVI,DLC,BMS,185,2,5,9,12
560,MUSIC0000560,My Star,FINAL FANTASY XVI,DLC,FMS,284,2,4,8,0
561,MUSIC0000561,"Hide, Hideaway",FINAL FANTASY XVI,DLC,FMS,151,2,4,8,0
562,MUSIC0000562,"No Risk, No Reward",FINAL FANTASY XVI,DLC,BMS,143,3,5,9,12
