,MS TYPE,SERIES,SONG TITLE,DIFF.,,,,length,#trig,,,,#trig,,,,,,,,,,,,,,,,,,,,,,,,,,,,,,,,,,,,,,,,,,
DLC,BMS,Bravely Default,"Spurred into Flight, Drenched and Fallen - The Night Rises",3,6,9,12,170,275,420,723,838,275,420,723,838,1.62,2.47,4.25,4.93,1.62,2.47,4.25,4.93,53%,72%,16%,,,,,,0,0,,,,,,0,0,,,,,,0,0,,,,,,0,0
DLC,BMS,Bravely Default,That of the Name,3,6,10,13,173,177,322,705,925,177,322,705,925,1.02,1.86,4.08,5.35,1.02,1.86,4.08,5.35,82%,119%,31%,,,,,,0,0,,,,,,0,0,,,,,,0,0,,,,,,0,0
DLC,BMS,Bravely Default,The Evil Wings,3,6,10,,247,300,532,977,,300,532,977,0,1.21,2.15,3.96,,1.21,2.15,3.96,,77%,84%,,,,,,,0,0,,,,,,0,0,,,,,,0,0,,,,,,,
DLC,FMS,Bravely Default,The Horizon: Endless Light and Shadow,2,4,7,,126,155,214,315,,155,214,315,0,1.23,1.70,2.50,,1.23,1.70,2.50,,38%,47%,,,,,,,0,0,,,,,,0,0,,,,,,0,0,,,,,,,
DLC,BMS,Bravely Default,The Ones Who Gather Stars in the Night,3,6,10,14,246,425,568,988,1379,425,568,988,1379,1.73,2.31,4.02,5.61,1.73,2.31,4.02,5.61,34%,74%,40%,,,,,,0,0,,,,,,0,0,,,,,,0,0,,,,,,0,0
DLC,BMS,Bravely Default,"Uroboros, the Serpent That Devours the Horizon",3,5,9,,224,306,391,739,,306,391,739,0,1.37,1.75,3.30,,1.37,1.75,3.30,,28%,89%,,,,,,,0,0,,,,,,0,0,,,,,,0,0,,,,,,,
DLC,BMS,Chrono,Battle with Magus,3,5,9,13,136,146,251,372,525,146,251,372,525,1.07,1.85,2.74,3.86,1.07,1.85,2.74,3.86,72%,48%,41%,,,,,,0,0,,,,,,0,0,,,,,,0,0,,,,,,0,0
DLC,BMS,Chrono,Boss Battle 2,3,5,9,13,118,142,209,299,497,142,209,299,497,1.20,1.77,2.53,4.21,1.20,1.77,2.53,4.21,47%,43%,66%,,,,,,0,0,,,,,,0,0,,,,,,0,0,,,,,,0,0
DLC,BMS,Chrono,Chrono Cross -Scars of Time-,2,5,7,,144,120,209,308,,120,209,308,0,0.83,1.45,2.14,,0.83,1.45,2.14,,74%,47%,,,,,,,0,0,,,,,,0,0,,,,,,0,0,,,,,,,
DLC,BMS,Chrono,Chrono Trigger,2,4,9,12,122,121,196,323,518,121,196,323,518,0.99,1.61,2.65,4.25,0.99,1.61,2.65,4.25,62%,65%,60%,,,,,,0,0,,,,,,0,0,,,,,,0,0,,,,,,0,0
DLC,FMS,Chrono,Corridors of Time,2,4,9,,135,137,254,422,,137,254,422,0,1.01,1.88,3.13,,1.01,1.88,3.13,,85%,66%,,,,,,,0,0,,,,,,0,0,,,,,,0,0,,,,,,,
DLC,BMS,Chrono,Frog's Theme,2,5,9,,98,113,168,310,,113,168,310,0,1.15,1.71,3.16,,1.15,1.71,3.16,,49%,85%,,,,,,,0,0,,,,,,0,0,,,,,,0,0,,,,,,,
DLC,FMS,Chrono,Radical Dreamers -Le Tr√©sor Interdit-,2,4,7,,124,149,176,270,,149,176,270,0,1.20,1.42,2.18,,1.20,1.42,2.18,,18%,53%,,,,,,,0,0,,,,,,0,0,,,,,,0,0,,,,,,,
DLC,FMS,Chrono,Robo's Theme,2,4,7,,147,228,276,354,,228,276,354,0,1.55,1.88,2.41,,1.55,1.88,2.41,,21%,28%,,,,,,,0,0,,,,,,0,0,,,,,,0,0,,,,,,,
DLC,FMS,Chrono,To Far Away Times,3,4,9,,262,314,449,721,,314,449,721,0,1.20,1.71,2.75,,1.20,1.71,2.75,,43%,61%,,,,,,,0,0,,,,,,0,0,,,,,,0,0,,,,,,,
DLC,FMS,Chrono,Wind Scene,3,5,9,,122,126,184,301,,73,104,244,0,1.03,1.51,2.47,,0.60,0.85,2.00,,46%,64%,,31,6,31,5,53,18,13,27,19,42,16,80,29,13,103,50,88,40,57,64,24,,,,,,,
DLC,FMS,Chrono,Wings That Cross Time,2,5,9,13,189,264,394,495,591,147,230,340,450,1.40,2.08,2.62,3.13,0.78,1.22,1.80,2.38,49%,26%,19%,45,8,92,2,117,47,45,77,23,120,10,164,65,55,121,47,152,20,155,86,66,183,95,158,14,141,86,72
DLC,BMS,Chrono,World Revolution,2,4,9,14,124,125,215,353,640,125,215,353,639,1.01,1.73,2.85,5.16,1.01,1.73,2.85,5.15,72%,64%,81%,54,27,44,0,0,22,22,101,42,65,7,0,36,29,178,91,78,6,0,42,36,386,137,112,4,1,58,54
,FMS,Crystal Chronicles,FFCCR: Across the Divide,4,5,10,13,123,145,229,428,643,145,229,428,643,1.18,1.86,3.48,5.23,1.18,1.86,3.48,5.23,58%,87%,50%,,,,,,0,0,,,,,,0,0,,,,,,0,0,,,,,,0,0
,BMS,Crystal Chronicles,FFCCR: Monster Ronde,3,4,8,12,141,183,268,394,642,183,268,394,642,1.30,1.90,2.79,4.55,1.30,1.90,2.79,4.55,46%,47%,63%,,,,,,0,0,,,,,,0,0,,,,,,0,0,,,,,,0,0
,EMS,Crystal Chronicles,FFCCR: Moonless Starry Night,2,4,6,,122,67,79,109,,60,66,109,0,0.55,0.65,0.89,,0.49,0.54,0.89,,18%,38%,,,,,,7,0,0,,,,,13,0,0,,,,,,0,0,,,,,,,
,FMS,Crystal Chronicles,FFCCR: Promised Grace,3,5,10,,106,133,216,352,,133,216,352,0,1.25,2.04,3.32,,1.25,2.04,3.32,,62%,63%,,,,,,,0,0,,,,,,0,0,,,,,,0,0,,,,,,,
DX,FMS,Crystal Chronicles,FFCCR: Sound of the Wind,3,6,9,,136,181,232,279,,181,232,279,0,1.33,1.71,2.05,,1.33,1.71,2.05,,28%,20%,,,,,,,0,0,,,,,,0,0,,,,,,0,0,,,,,,,
,FMS,Crystal Chronicles,FFCCR: Today Comes To Be Tomorrow,2,4,8,,121,152,213,283,,152,213,283,0,1.26,1.76,2.34,,1.26,1.76,2.34,,40%,33%,,,,,,,0,0,,,,,,0,0,,,,,,0,0,,,,,,,
,BMS,Crystal Chronicles,"FFCCR: United, Heaven-Sent",3,5,8,,159,186,273,426,,186,273,426,0,1.17,1.72,2.68,,1.17,1.72,2.68,,47%,56%,,,,,,,0,0,,,,,,0,0,,,,,,0,0,,,,,,,
,BMS,Crystal Chronicles,FFCCR: Woebegone Creature,3,5,9,14,203,261,292,459,795,261,292,459,795,1.29,1.44,2.26,3.92,1.29,1.44,2.26,3.92,12%,57%,73%,,,,,,0,0,,,,,,0,0,,,,,,0,0,,,,,,0,0
,BMS,Crystal Chronicles,This Is the End for You!,3,6,9,13,163,242,345,538,779,242,345,538,779,1.48,2.12,3.30,4.78,1.48,2.12,3.30,4.78,43%,56%,45%,,,,,,0,0,,,,,,0,0,,,,,,0,0,,,,,,0,0
,BMS,Dissidia,"""Antipyretic"" from FINAL FANTASY TACTICS (Arrangement)",3,5,8,12,127,181,289,368,523,181,289,368,523,1.43,2.28,2.90,4.12,1.43,2.28,2.90,4.12,60%,27%,42%,,,,,,0,0,,,,,,0,0,,,,,,0,0,,,,,,0,0
,BMS,Dissidia,"""Dancing Mad"" from FINAL FANTASY VI (Arrangement)",3,6,9,14,113,149,278,361,617,142,278,347,617,1.32,2.46,3.19,5.46,1.26,2.46,3.07,5.46,87%,30%,71%,64,26,50,2,7,26,24,146,46,84,2,0,43,41,183,56,96,12,14,54,42,318,115,184,0,0,92,92
,BMS,Dissidia,"""Eternal Wind"" from FINAL FANTASY III (DFF Arrangement)",3,4,8,,134,158,246,388,,158,246,388,0,1.18,1.84,2.90,,1.18,1.84,2.90,,56%,58%,,,,,,,0,0,,,,,,0,0,,,,,,0,0,,,,,,,
,BMS,Dissidia,"""Ominous Prognisticks"" from FINAL FANTASY XIV (Arrangement)",3,5,8,,116,185,251,346,,185,251,346,0,1.59,2.16,2.98,,1.59,2.16,2.98,,36%,38%,,,,,,,0,0,,,,,,0,0,,,,,,0,0,,,,,,,
,BMS,Dissidia,"""The Beginning of the End"" from FINAL FANTASY TYPE-0 (Arrangement)",2,4,9,,157,195,250,415,,195,250,415,0,1.24,1.59,2.64,,1.24,1.59,2.64,,28%,66%,,,,,,,0,0,,,,,,0,0,,,,,,0,0,,,,,,,
,BMS,Dissidia,"""The Rebel Army"" from FINAL FANTASY II (Arrangement)",4,5,10,13,122,178,294,441,632,178,294,441,632,1.46,2.41,3.61,5.18,1.46,2.41,3.61,5.18,65%,50%,43%,,,,,,0,0,,,,,,0,0,,,,,,0,0,,,,,,0,0
,BMS,Dissidia,Battle 1 - arrange - from FINAL FANTASY IX,3,5,9,,114,144,184,362,,144,184,362,0,1.26,1.61,3.18,,1.26,1.61,3.18,,28%,97%,,,,,,,0,0,,,,,,0,0,,,,,,0,0,,,,,,,
,BMS,Dissidia,Cantata Mortis from DISSIDIA 012[duodecim] FINAL FANTASY,3,6,9,,210,310,398,493,,310,398,493,0,1.48,1.90,2.35,,1.48,1.90,2.35,,28%,24%,,,,,,,0,0,,,,,,0,0,,,,,,0,0,,,,,,,
,FMS,Dissidia,Canto Mortis -An Undocumented Battle- from DISSIDIA 012[duodecim] FINAL FANTASY,2,5,7,,145,168,206,296,,168,206,296,0,1.16,1.42,2.04,,1.16,1.42,2.04,,23%,44%,,,,,,,0,0,,,,,,0,0,,,,,,0,0,,,,,,,
,BMS,Dissidia,Dare to Defy,2,5,7,11,151,148,176,236,351,148,176,236,351,0.98,1.17,1.56,2.32,0.98,1.17,1.56,2.32,19%,34%,49%,,,,,,0,0,,,,,,0,0,,,,,,0,0,,,,,,0,0
,BMS,Dissidia,DISSIDIA - ending - from DISSIDIA FINAL FANTASY,2,5,7,,90,99,159,228,,99,159,228,0,1.10,1.77,2.53,,1.10,1.77,2.53,,61%,43%,,,,,,,0,0,,,,,,0,0,,,,,,0,0,,,,,,,
,BMS,Dissidia,DISSIDIA 012[duodecim] FINAL FANTASY [FINAL TRAILER],3,5,9,,132,170,269,396,,170,269,396,0,1.29,2.04,3.00,,1.29,2.04,3.00,,58%,47%,,,,,,,0,0,,,,,,0,0,,,,,,0,0,,,,,,,
,BMS,Dissidia,DISSIDIA FINAL FANTASY [FINAL TRAILER],3,5,8,,166,210,265,478,,210,265,478,0,1.27,1.60,2.88,,1.27,1.60,2.88,,26%,80%,,,,,,,0,0,,,,,,0,0,,,,,,0,0,,,,,,,
,FMS,Dissidia,Gate to the Rift from DISSIDIA 012[duodecim] FINAL FANTASY,3,4,8,,150,224,283,419,,224,283,419,0,1.49,1.89,2.79,,1.49,1.89,2.79,,26%,48%,,,,,,,0,0,,,,,,0,0,,,,,,0,0,,,,,,,
,BMS,Dissidia,God in Fire - arrange - from DISSIDIA FINAL FANTASY,2,4,7,11,121,150,212,301,450,150,212,301,450,1.24,1.75,2.49,3.72,1.24,1.75,2.49,3.72,41%,42%,50%,,,,,,0,0,,,,,,0,0,,,,,,0,0,,,,,,0,0
,FMS,Dissidia,Keeping the Peace from DISSIDIA FINAL FANTASY,2,4,7,,138,154,205,284,,154,205,284,0,1.12,1.49,2.06,,1.12,1.49,2.06,,33%,39%,,,,,,,0,0,,,,,,0,0,,,,,,0,0,,,,,,,
,EMS,Dissidia,Lux Concordiae from DISSIDIA 012[duodecim] FINAL FANTASY,1,4,6,,84,61,70,76,,45,70,76,0,0.73,0.83,0.90,,0.54,0.83,0.90,,15%,9%,,13,4,28,0,16,14,14,22,10,38,0,0,19,19,18,14,42,2,0,22,20,,,,,,,
,BMS,Dissidia,Massive Explosion (Short ver.) from DISSIDIA FINAL FANTASY -Arcade-,2,4,7,,130,133,189,307,,133,189,307,0,1.02,1.45,2.36,,1.02,1.45,2.36,,42%,62%,,,,,,,0,0,,,,,,0,0,,,,,,0,0,,,,,,,
,BMS,Dissidia,Spark from DISSIDIA FINAL FANTASY OPERA OMNIA,3,4,7,,92,161,206,255,,161,206,255,0,1.75,2.24,2.77,,1.75,2.24,2.77,,28%,24%,,,,,,,0,0,,,,,,0,0,,,,,,0,0,,,,,,,
,BMS,Dissidia,The Decisive Battle - arrange - from FINAL FANTASY VI,3,5,9,,111,137,197,299,,137,197,299,0,1.23,1.77,2.69,,1.23,1.77,2.69,,44%,52%,,,,,,,0,0,,,,,,0,0,,,,,,0,0,,,,,,,
,BMS,Dissidia,The Troops' Advance from DISSIDIA FINAL FANTASY,2,4,7,,118,149,216,329,,149,216,329,0,1.26,1.83,2.79,,1.26,1.83,2.79,,45%,52%,,,,,,,0,0,,,,,,0,0,,,,,,0,0,,,,,,,
,BMS,FF Fables,Dungeon Hero X's Theme,3,6,9,14,133,191,264,418,751,155,235,384,744,1.44,1.98,3.14,5.65,1.17,1.77,2.89,5.59,38%,58%,80%,45,16,90,4,36,47,43,67,38,117,13,29,65,52,145,91,139,9,34,74,65,469,175,93,7,7,50,43
,BMS,FF Fables,Guardian of the Dark II,3,5,9,,175,217,349,511,,217,349,511,0,1.24,1.99,2.92,,1.24,1.99,2.92,,61%,46%,,,,,,,0,0,,,,,,0,0,,,,,,0,0,,,,,,,
,BMS,FF Fables,Leviathan Battle,3,5,9,,130,171,351,527,,171,351,527,0,1.32,2.70,4.05,,1.32,2.70,4.05,,105%,50%,,,,,,,0,0,,,,,,0,0,,,,,,0,0,,,,,,,
,BMS,FF Fables,Pop-Up Duel,3,5,9,13,123,164,255,403,692,164,255,403,692,1.33,2.07,3.28,5.63,1.33,2.07,3.28,5.63,55%,58%,72%,,,,,,0,0,,,,,,0,0,,,,,,0,0,,,,,,0,0
,BMS,FF Fables,Raffaello Battle,3,5,10,14,144,195,296,471,732,195,296,471,732,1.35,2.06,3.27,5.08,1.35,2.06,3.27,5.08,52%,59%,55%,,,,,,0,0,,,,,,0,0,,,,,,0,0,,,,,,0,0
,BMS,FF Mystic Quest,Battle 1,3,4,9,,130,171,233,447,,171,233,447,0,1.32,1.79,3.44,,1.32,1.79,3.44,,36%,92%,,,,,,,0,0,,,,,,0,0,,,,,,0,0,,,,,,,
,BMS,FF Mystic Quest,Battle 2,3,5,8,15,98,143,216,319,597,137,206,315,577,1.46,2.20,3.26,6.09,1.40,2.10,3.21,5.89,51%,48%,87%,76,33,26,2,6,14,12,98,50,46,12,10,29,17,156,85,63,11,4,37,26,276,167,117,17,20,67,50
,BMS,FF Mystic Quest,Battle 3,4,5,10,14,124,161,244,447,669,161,244,442,668,1.30,1.97,3.60,5.40,1.30,1.97,3.56,5.39,52%,83%,50%,56,19,82,4,0,43,39,89,37,108,10,0,59,49,210,90,131,11,5,71,60,438,120,102,8,1,55,47
,FMS,FF Mystic Quest,Doom Castle,3,5,9,13,117,153,238,393,598,153,238,393,598,1.31,2.03,3.36,5.11,1.31,2.03,3.36,5.11,56%,65%,52%,,,,,,0,0,,,,,,0,0,,,,,,0,0,,,,,,0,0
,BMS,FF Mystic Quest,Hill of Destiny,4,6,10,14,115,230,292,434,801,227,292,426,710,2.00,2.54,3.77,6.97,1.97,2.54,3.70,6.17,27%,49%,85%,145,32,41,9,3,25,16,157,63,61,11,0,36,25,208,106,100,12,8,56,44,371,81,252,6,91,129,123
,BMS,FF Record Keeper,Battle at the Big Bridge~Ver.2~ FFRK Ver. arrange,3,5,10,14,123,197,278,472,617,197,278,472,617,1.60,2.26,3.84,5.02,1.60,2.26,3.84,5.02,41%,70%,31%,,,,,,0,0,,,,,,0,0,,,,,,0,0,,,,,,0,0
,BMS,FF Record Keeper,Blinded By Light FFRK Ver. arrange from FFXIII,3,5,9,11,126,189,260,375,473,189,260,375,473,1.50,2.06,2.98,3.75,1.50,2.06,2.98,3.75,38%,44%,26%,,,,,,0,0,,,,,,0,0,,,,,,0,0,,,,,,0,0
,BMS,FF Record Keeper,Chaos Shrine FFRK Ver. arrange from FFI,2,5,8,11,129,142,187,303,655,142,187,303,655,1.10,1.45,2.35,5.08,1.10,1.45,2.35,5.08,32%,62%,116%,,,,,,0,0,,,,,,0,0,,,,,,0,0,,,,,,0,0
,BMS,FF Record Keeper,Stand Your Ground FFRK Ver. arrange from FFXV,3,5,9,12,110,115,178,243,435,115,178,243,435,1.05,1.62,2.21,3.95,1.05,1.62,2.21,3.95,55%,37%,79%,,,,,,0,0,,,,,,0,0,,,,,,0,0,,,,,,0,0
,BMS,FF Record Keeper,The Chase FFRK Ver. arrange from FFVII,3,5,10,12,134,194,278,488,678,194,278,488,678,1.45,2.07,3.64,5.06,1.45,2.07,3.64,5.06,43%,76%,39%,,,,,,0,0,,,,,,0,0,,,,,,0,0,,,,,,0,0
,BMS,FF Record Keeper,The Decisive Battle FFRK Ver. arrange from FFVI,4,6,10,13,125,204,317,468,611,204,317,468,611,1.63,2.54,3.74,4.89,1.63,2.54,3.74,4.89,55%,48%,31%,,,,,,0,0,,,,,,0,0,,,,,,0,0,,,,,,0,0
,BMS,FF Record Keeper,The Man with the Machine Gun FFRK Ver. arrange from FFVIII,3,5,9,,115,149,210,344,,149,210,344,0,1.30,1.83,2.99,,1.30,1.83,2.99,,41%,64%,,,,,,,0,0,,,,,,0,0,,,,,,0,0,,,,,,,
,BMS,FF Record Keeper,UTAKATA FFRK Ver. arrange from FFType-0,3,6,8,,116,194,245,335,,194,245,335,0,1.67,2.11,2.89,,1.67,2.11,2.89,,26%,37%,,,,,,,0,0,,,,,,0,0,,,,,,0,0,,,,,,,
DX,BMS,FF Series,Acoustic: The Decisive Battle,3,5,8,,126,156,323,398,,156,323,398,0,1.24,2.56,3.16,,1.24,2.56,3.16,,107%,23%,,,,,,,0,0,,,,,,0,0,,,,,,0,0,,,,,,,
DX,BMS,FF Series,Aerith's Theme -Collab Arrangement-,2,4,8,,130,112,194,266,,112,194,266,0,0.86,1.49,2.05,,0.86,1.49,2.05,,73%,37%,,,,,,,0,0,,,,,,0,0,,,,,,0,0,,,,,,,
DX,BMS,FF Series,Band: A Long Fall,3,6,10,13,260,496,627,833,1116,496,627,833,1116,1.91,2.41,3.20,4.29,1.91,2.41,3.20,4.29,26%,33%,34%,,,,,,0,0,,,,,,0,0,,,,,,0,0,,,,,,0,0
DX,BMS,FF Series,Band:Rise,4,6,10,15,224,391,662,913,1342,363,549,827,1308,1.75,2.96,4.08,5.99,1.62,2.45,3.69,5.84,69%,38%,47%,190,61,106,6,28,56,50,257,46,220,26,113,123,97,395,142,250,40,86,145,105,687,171,403,47,34,225,178
,BMS,FF Series,Battle at the Big Bridge,2,5,9,11,117,177,238,416,539,177,238,416,539,1.51,2.03,3.56,4.61,1.51,2.03,3.56,4.61,34%,75%,30%,,,,,,0,0,,,,,,0,0,,,,,,0,0,,,,,,0,0
DX,BMS,FF Series,Battle at the Big Bridge -Modulation ver.- from FINAL FANTASY V,3,7,10,15,201,317,425,853,1429,268,378,774,1206,1.58,2.11,4.24,7.11,1.33,1.88,3.85,6.00,34%,101%,68%,113,33,118,4,49,61,57,167,77,124,10,47,67,57,290,102,372,10,79,191,181,554,214,435,3,223,219,216
DX,BMS,FF Series,Battle SQ : FINAL FANTASY IX Not Alone,3,5,9,12,126,130,206,390,481,130,206,390,481,1.03,1.63,3.10,3.82,1.03,1.63,3.10,3.82,58%,89%,23%,,,,,,0,0,,,,,,0,0,,,,,,0,0,,,,,,0,0
DX,BMS,FF Series,Battle Theme 2 -Modulation ver.- from FINAL FANTASY II,4,7,11,,115,169,423,726,,133,327,502,0,1.47,3.68,6.31,,1.16,2.84,4.37,,150%,72%,,42,27,58,6,36,32,26,158,71,84,14,96,49,35,192,74,222,14,224,118,104,,,,,,,
,BMS,FF Series,Battle: Chaos Advent,3,5,9,14,187,291,388,449,805,291,388,449,805,1.56,2.07,2.40,4.30,1.56,2.07,2.40,4.30,33%,16%,79%,,,,,,0,0,,,,,,0,0,,,,,,0,0,,,,,,0,0
,BMS,FF Series,"Battle: False Knight - Motif from ""Battle""",3,5,9,12,164,173,286,383,706,173,286,383,706,1.05,1.74,2.34,4.30,1.05,1.74,2.34,4.30,65%,34%,84%,,,,,,0,0,,,,,,0,0,,,,,,0,0,,,,,,0,0
DX,BMS,FF Series,Blinded By Light Jazz Arrangement,2,5,7,,112,171,231,356,,171,231,356,0,1.53,2.06,3.18,,1.53,2.06,3.18,,35%,54%,,,,,,,0,0,,,,,,0,0,,,,,,0,0,,,,,,,
DX,BMS,FF Series,Clash on the Big Bridge (FINAL FANTASY V),3,5,9,13,141,202,312,376,746,202,312,376,746,1.43,2.21,2.67,5.29,1.43,2.21,2.67,5.29,54%,21%,98%,,,,,,0,0,,,,,,0,0,,,,,,0,0,,,,,,0,0
DX,FMS,FF Series,Cosmo Canyon -Collab Arrangement-,3,5,8,,150,159,267,378,,159,267,378,0,1.06,1.78,2.52,,1.06,1.78,2.52,,68%,42%,,,,,,,0,0,,,,,,0,0,,,,,,0,0,,,,,,,
,FMS,FF Series,FF Medley,3,5,8,,205,272,360,468,,272,360,468,0,1.33,1.76,2.28,,1.33,1.76,2.28,,32%,30%,,,,,,,0,0,,,,,,0,0,,,,,,0,0,,,,,,,
,BMS,FF Series,Fiend Encounter,3,5,9,12,108,158,196,307,389,158,196,307,389,1.46,1.81,2.84,3.60,1.46,1.81,2.84,3.60,24%,57%,27%,,,,,,0,0,,,,,,0,0,,,,,,0,0,,,,,,0,0
DX,BMS,FF Series,Fighters of the Crystal,2,5,9,,200,220,304,552,,220,304,552,0,1.10,1.52,2.76,,1.10,1.52,2.76,,38%,82%,,,,,,,0,0,,,,,,0,0,,,,,,0,0,,,,,,,
,BMS,FF Series,Jack's Theme,3,6,9,,137,161,198,333,,161,198,333,0,1.18,1.45,2.43,,1.18,1.45,2.43,,23%,68%,,,,,,,0,0,,,,,,0,0,,,,,,0,0,,,,,,,
,FMS,FF Series,Mambo de Chocobo,3,4,8,,195,251,356,554,,251,356,554,0,1.29,1.83,2.84,,1.29,1.83,2.84,,42%,56%,,,,,,,0,0,,,,,,0,0,,,,,,0,0,,,,,,,
,FMS,FF Series,Moogles' Theme,2,4,7,,170,178,274,407,,178,274,407,0,1.05,1.61,2.39,,1.05,1.61,2.39,,54%,49%,,,,,,,0,0,,,,,,0,0,,,,,,0,0,,,,,,,
DX,FMS,FF Series,More SQ: FINAL FANTASY Dugem DE Chocobo,3,5,9,14,138,300,419,479,760,300,419,479,760,2.17,3.04,3.47,5.51,2.17,3.04,3.47,5.51,40%,14%,59%,,,,,,0,0,,,,,,0,0,,,,,,0,0,,,,,,0,0
,BMS,FF Series,Opening Theme,3,4,7,12,254,324,489,686,1007,324,489,686,1007,1.28,1.93,2.70,3.96,1.28,1.93,2.70,3.96,51%,40%,47%,,,,,,0,0,,,,,,0,0,,,,,,0,0,,,,,,0,0
DX,FMS,FF Series,"SQ Chips: FINAL FANTASY III ""Go above the Clouds!~The Invincible""",4,7,10,15,195,348,530,720,1193,131,244,509,1022,1.78,2.72,3.69,6.12,0.67,1.25,2.61,5.24,52%,36%,66%,34,17,71,9,217,40,31,101,49,87,7,286,47,40,162,97,240,10,211,125,115,438,192,363,29,171,196,167
,FMS,FF Series,The 4 Heroes of Light,3,5,8,,128,234,334,444,,234,334,444,0,1.83,2.61,3.47,,1.83,2.61,3.47,,43%,33%,,,,,,,0,0,,,,,,0,0,,,,,,0,0,,,,,,,
DX,BMS,FF Series,The Skies Above,2,5,8,,119,152,215,307,,152,215,307,0,1.28,1.81,2.58,,1.28,1.81,2.58,,41%,43%,,,,,,,0,0,,,,,,0,0,,,,,,0,0,,,,,,,
,BMS,FF Series,World of Battle,2,4,9,,159,172,259,431,,170,258,431,0,1.08,1.63,2.71,,1.07,1.62,2.71,,51%,66%,,58,24,84,4,2,44,40,97,59,90,12,1,51,39,232,91,99,9,0,54,45,,,,,,,
,BMS,FF Tactics,Antipyretic,3,5,10,,111,190,271,362,,190,271,362,0,1.71,2.44,3.26,,1.71,2.44,3.26,,43%,34%,,,,,,,0,0,,,,,,0,0,,,,,,0,0,,,,,,,
,BMS,FF Tactics,Apoplexy,3,6,10,13,124,174,293,449,630,174,293,449,630,1.40,2.36,3.62,5.08,1.40,2.36,3.62,5.08,68%,53%,40%,,,,,,0,0,,,,,,0,0,,,,,,0,0,,,,,,0,0
,EMS,FF Tactics,Opening,2,4,6,,73,60,83,159,,59,73,142,0,0.82,1.14,2.18,,0.81,1.00,1.95,,38%,92%,,19,14,21,5,1,13,8,29,22,18,4,10,11,7,44,40,47,11,17,29,18,,,,,,,
,FMS,FF Tactics,Ovelia's Theme,2,4,6,,153,164,268,377,,164,268,377,0,1.07,1.75,2.46,,1.07,1.75,2.46,,63%,41%,,,,,,,0,0,,,,,,0,0,,,,,,0,0,,,,,,,
,BMS,FF Tactics,Precipitous Combat,4,6,10,12,105,183,239,375,399,183,239,375,399,1.74,2.28,3.57,3.80,1.74,2.28,3.57,3.80,31%,57%,6%,,,,,,0,0,,,,,,0,0,,,,,,0,0,,,,,,0,0
,FMS,FF Tactics,Prologue,3,4,7,,173,163,286,428,,163,286,428,0,0.94,1.65,2.47,,0.94,1.65,2.47,,75%,50%,,,,,,,0,0,,,,,,0,0,,,,,,0,0,,,,,,,
,BMS,FF Tactics,Trisection,3,4,9,12,144,228,271,499,839,228,271,499,839,1.58,1.88,3.47,5.83,1.58,1.88,3.47,5.83,19%,84%,68%,,,,,,0,0,,,,,,0,0,,,,,,0,0,,,,,,0,0
,BMS,FF Tactics,Ultima's Transformation,2,4,7,12,130,183,249,405,623,183,249,405,623,1.41,1.92,3.12,4.79,1.41,1.92,3.12,4.79,36%,63%,54%,,,,,,0,0,,,,,,0,0,,,,,,0,0,,,,,,0,0
,FMS,FF Type-0,Soar,2,5,8,,115,134,172,266,,134,172,266,0,1.17,1.50,2.31,,1.17,1.50,2.31,,28%,55%,,,,,,,0,0,,,,,,0,0,,,,,,0,0,,,,,,,
,FMS,FF Type-0,Tempus Finis,3,5,8,,163,192,277,429,,192,277,429,0,1.18,1.70,2.63,,1.18,1.70,2.63,,44%,55%,,,,,,,0,0,,,,,,0,0,,,,,,0,0,,,,,,,
,FMS,FF Type-0,The Earth Under Our Feet,2,5,7,,115,133,183,266,,133,183,266,0,1.16,1.59,2.31,,1.16,1.59,2.31,,38%,45%,,,,,,,0,0,,,,,,0,0,,,,,,0,0,,,,,,,
,BMS,FF Type-0,Vermillion Fire,3,5,10,,180,225,298,472,,225,298,472,0,1.25,1.66,2.62,,1.25,1.66,2.62,,32%,58%,,,,,,,0,0,,,,,,0,0,,,,,,0,0,,,,,,,
,BMS,FF Type-0,War: The White Weapon,3,5,9,12,116,206,270,431,533,206,270,431,533,1.78,2.33,3.72,4.59,1.78,2.33,3.72,4.59,31%,60%,24%,,,,,,0,0,,,,,,0,0,,,,,,0,0,,,,,,0,0
,BMS,FF Type-0,War: Warrior Worth a Thousand,3,6,9,,157,201,341,462,,201,341,462,0,1.28,2.17,2.94,,1.28,2.17,2.94,,70%,35%,,,,,,,0,0,,,,,,0,0,,,,,,0,0,,,,,,,
,BMS,FF Type-0,We Have Come,3,4,7,12,134,161,236,346,455,161,236,346,455,1.20,1.76,2.58,3.40,1.20,1.76,2.58,3.40,47%,47%,32%,,,,,,0,0,,,,,,0,0,,,,,,0,0,,,,,,0,0
,EMS,FF Type-0,We Have Come (EMS),3,6,9,,137,200,254,365,,200,254,365,0,1.46,1.85,2.66,,1.46,1.85,2.66,,27%,44%,,,,,,,0,0,,,,,,0,0,,,,,,0,0,,,,,,,
DX,BMS,FF Type-0,Zero,2,5,9,12,226,268,422,550,814,232,395,548,809,1.19,1.87,2.43,3.60,1.03,1.75,2.42,3.58,57%,30%,48%,110,54,68,0,36,34,34,189,100,98,8,27,53,45,190,134,173,51,2,112,61,355,154,280,20,5,150,130
,BMS,FF7:Remake,FFVII REMAKE: Bombing Mission,3,5,9,,190,224,419,570,,224,419,570,0,1.18,2.21,3.00,,1.18,2.21,3.00,,87%,36%,,,,,,,0,0,,,,,,0,0,,,,,,0,0,,,,,,,
,FMS,FF7:Remake,FFVII REMAKE: Collapsed Expressway,2,4,8,11,139,220,281,475,577,220,281,475,577,1.58,2.02,3.42,4.15,1.58,2.02,3.42,4.15,28%,69%,21%,,,,,,0,0,,,,,,0,0,,,,,,0,0,,,,,,0,0
,BMS,FF7:Remake,FFVII REMAKE: High Five,3,5,9,11,193,230,317,484,777,148,200,373,402,1.19,1.64,2.51,4.03,0.77,1.04,1.93,2.08,38%,53%,61%,36,26,84,2,82,43,41,73,43,78,6,117,42,36,217,26,123,7,111,65,58,242,58,101,1,375,51,50
,BMS,FF7:Remake,FFVII REMAKE: J-E-N-O-V-A - Quickening,3,6,8,12,137,119,244,324,591,119,244,324,591,0.87,1.78,2.36,4.31,0.87,1.78,2.36,4.31,105%,33%,82%,,,,,,0,0,,,,,,0,0,,,,,,0,0,,,,,,0,0
,BMS,FF7:Remake,FFVII REMAKE: Let the Battles Begin! - A Merc's Job,3,6,9,,157,243,346,516,,243,346,516,0,1.55,2.20,3.29,,1.55,2.20,3.29,,42%,49%,,,,,,,0,0,,,,,,0,0,,,,,,0,0,,,,,,,
,FMS,FF7:Remake,FFVII REMAKE: Main Theme of FFVII - Sector 7 Undercity,1,4,8,,161,177,224,288,,103,178,226,0,1.10,1.39,1.79,,0.64,1.11,1.40,,27%,29%,,34,9,57,3,74,30,27,60,28,88,2,46,45,43,94,18,111,3,62,57,54,,,,,,,
,FMS,FF7:Remake,FFVII REMAKE: Midgar Expressway,3,5,10,14,132,188,255,470,662,188,255,470,662,1.42,1.93,3.56,5.02,1.42,1.93,3.56,5.02,36%,84%,41%,,,,,,0,0,,,,,,0,0,,,,,,0,0,,,,,,0,0
,BMS,FF7:Remake,FFVII REMAKE: One-Winged Angel - Rebirth,3,5,9,13,223,258,389,689,875,258,389,689,875,1.16,1.74,3.09,3.92,1.16,1.74,3.09,3.92,51%,77%,27%,,,,,,0,0,,,,,,0,0,,,,,,0,0,,,,,,0,0
,BMS,FF7:Remake,FFVII REMAKE: The Airbuster,4,6,10,14,220,420,481,762,1129,420,481,762,1129,1.91,2.19,3.46,5.13,1.91,2.19,3.46,5.13,15%,58%,48%,,,,,,0,0,,,,,,0,0,,,,,,0,0,,,,,,0,0
,FMS,FF7:Remake,FFVII REMAKE: Tifa's Theme - Seventh Heaven,1,4,7,,189,199,228,382,,82,135,249,0,1.05,1.21,2.02,,0.43,0.71,1.32,,15%,68%,,12,4,64,2,117,33,31,39,28,62,6,93,34,28,123,50,71,5,133,38,33,,,,,,,
,EMS,FF7:Remake,Hollow,3,5,8,,210,182,190,224,,182,190,224,0,0.87,0.90,1.07,,0.87,0.90,1.07,,4%,18%,,,,,,,0,0,,,,,,0,0,,,,,,0,0,,,,,,,
,FMS,FFVII Series,A Flower Blooming in the Slums (from FFVII 'Aerith's Theme'),2,4,8,,134,147,199,291,,147,199,291,0,1.10,1.49,2.17,,1.10,1.49,2.17,,35%,46%,,,,,,,0,0,,,,,,0,0,,,,,,0,0,,,,,,,
,BMS,FFVII Series,Advent: One-Winged Angel,4,6,10,16,365,550,874,1198,2182,504,759,1135,2158,1.51,2.39,3.28,5.98,1.38,2.08,3.11,5.91,59%,37%,82%,197,77,207,23,46,115,92,349,110,258,42,115,150,108,505,204,361,65,63,213,148,1123,477,541,17,24,279,262
,EMS,FFVII Series,Advent: One-Winged Angel (EMS),3,5,8,,145,193,275,338,,153,231,310,0,1.33,1.90,2.33,,1.06,1.59,2.14,,42%,23%,,58,35,57,3,40,30,27,84,53,89,5,44,47,42,140,70,74,26,28,50,24,,,,,,,
,FMS,FFVII Series,Aerith's Theme (Piano Version),2,4,7,,123,136,221,319,,136,221,319,0,1.11,1.80,2.59,,1.11,1.80,2.59,,63%,44%,,,,,,,0,0,,,,,,0,0,,,,,,0,0,,,,,,,
,BMS,FFVII Series,Battle in the Forgotten City,3,5,9,,149,191,305,454,,191,305,454,0,1.28,2.05,3.05,,1.28,2.05,3.05,,60%,49%,,,,,,,0,0,,,,,,0,0,,,,,,0,0,,,,,,,
,BMS,FFVII Series,Beyond the Wasteland,3,6,9,,114,195,247,377,,195,247,377,0,1.71,2.17,3.31,,1.71,2.17,3.31,,27%,53%,,,,,,,0,0,,,,,,0,0,,,,,,0,0,,,,,,,
,FMS,FFVII Series,Cloud Smiles,3,5,8,,175,188,278,409,,188,278,409,0,1.07,1.59,2.34,,1.07,1.59,2.34,,48%,47%,,,,,,,0,0,,,,,,0,0,,,,,,0,0,,,,,,,
,EMS,FFVII Series,CRISIS CORE Theme - Succession,2,5,8,,112,101,187,235,,101,187,235,0,0.90,1.67,2.10,,0.90,1.67,2.10,,85%,26%,,,,,,,0,0,,,,,,0,0,,,,,,0,0,,,,,,,
,BMS,FFVII Series,Divinity II,3,6,10,13,161,198,279,454,598,198,279,454,598,1.23,1.73,2.82,3.71,1.23,1.73,2.82,3.71,41%,63%,32%,,,,,,0,0,,,,,,0,0,,,,,,0,0,,,,,,0,0
,BMS,FFVII Series,Encounter,3,5,9,14,106,156,232,357,603,146,218,345,603,1.47,2.19,3.37,5.69,1.38,2.06,3.25,5.69,49%,54%,69%,75,23,46,2,10,24,22,96,58,45,19,14,32,13,158,95,59,33,12,46,13,370,135,94,4,0,49,45
,BMS,FFVII Series,J-E-N-O-V-A (AC Version),3,5,10,,163,202,305,517,,202,305,517,0,1.24,1.87,3.17,,1.24,1.87,3.17,,51%,70%,,,,,,,0,0,,,,,,0,0,,,,,,0,0,,,,,,,
,BMS,FFVII Series,Last Order,3,4,7,,147,189,315,400,,189,315,400,0,1.29,2.14,2.72,,1.29,2.14,2.72,,67%,27%,,,,,,,0,0,,,,,,0,0,,,,,,0,0,,,,,,,
,BMS,FFVII Series,The Price of Freedom,3,4,8,,110,159,210,302,,159,210,302,0,1.45,1.91,2.75,,1.45,1.91,2.75,,32%,44%,,,,,,,0,0,,,,,,0,0,,,,,,0,0,,,,,,,
,BMS,FFVII Series,The SOLDIER Way,3,5,7,13,116,167,245,333,540,167,245,333,540,1.44,2.11,2.87,4.66,1.44,2.11,2.87,4.66,47%,36%,62%,,,,,,0,0,,,,,,0,0,,,,,,0,0,,,,,,0,0
,BMS,FFVII Series,Those Who Fight (Piano Version),3,5,8,,150,229,361,570,,229,361,570,0,1.53,2.41,3.80,,1.53,2.41,3.80,,58%,58%,,,,,,,0,0,,,,,,0,0,,,,,,0,0,,,,,,,
,FMS,FFVII Series,Timely Ambush (from FFVII 'Let the Battles Begin!'),3,5,9,,120,208,266,468,,208,266,468,0,1.73,2.22,3.90,,1.73,2.22,3.90,,28%,76%,,,,,,,0,0,,,,,,0,0,,,,,,0,0,,,,,,,
DX,BMS,FFVII Series,Why,2,4,7,,144,171,246,312,,151,210,299,0,1.19,1.71,2.17,,1.05,1.46,2.08,,44%,27%,,62,29,54,6,20,30,24,76,34,96,4,36,50,46,86,59,141,13,13,77,64,,,,,,,
,BMS,FFXIII Series,Chaos,3,6,9,,127,190,232,393,,190,232,393,0,1.50,1.83,3.09,,1.50,1.83,3.09,,22%,69%,,,,,,,0,0,,,,,,0,0,,,,,,0,0,,,,,,,
,FMS,FFXIII Series,Crazy Chocobo,4,7,10,14,117,203,315,488,732,203,315,488,732,1.74,2.69,4.17,6.26,1.74,2.69,4.17,6.26,55%,55%,50%,,,,,,0,0,,,,,,0,0,,,,,,0,0,,,,,,0,0
,BMS,FFXIII Series,Crimson Blitz,3,6,10,13,118,151,224,273,474,151,224,273,474,1.28,1.90,2.31,4.02,1.28,1.90,2.31,4.02,48%,22%,74%,,,,,,0,0,,,,,,0,0,,,,,,0,0,,,,,,0,0
,FMS,FFXIII Series,Eclipse,3,7,9,,163,204,294,530,,204,294,530,0,1.25,1.80,3.25,,1.25,1.80,3.25,,44%,80%,,,,,,,0,0,,,,,,0,0,,,,,,0,0,,,,,,,
,BMS,FFXIII Series,Etro's Champion,3,4,7,13,134,182,257,373,537,182,257,373,537,1.36,1.92,2.78,4.01,1.36,1.92,2.78,4.01,41%,45%,44%,,,,,,0,0,,,,,,0,0,,,,,,0,0,,,,,,0,0
,BMS,FFXIII Series,Full Speed Ahead,4,6,10,,233,303,398,638,,303,398,638,0,1.30,1.71,2.74,,1.30,1.71,2.74,,31%,60%,,,,,,,0,0,,,,,,0,0,,,,,,0,0,,,,,,,
,FMS,FFXIII Series,Groovy Chocobo,2,6,8,,110,131,244,326,,131,244,326,0,1.19,2.22,2.96,,1.19,2.22,2.96,,86%,34%,,,,,,,0,0,,,,,,0,0,,,,,,0,0,,,,,,,
,BMS,FFXIII Series,Heart of Chaos,3,5,10,14,161,194,334,497,822,194,334,497,822,1.20,2.07,3.09,5.11,1.20,2.07,3.09,5.11,72%,49%,65%,,,,,,0,0,,,,,,0,0,,,,,,0,0,,,,,,0,0
,FMS,FFXIII Series,Historia Crux,2,5,9,,115,141,226,359,,141,226,359,0,1.23,1.97,3.12,,1.23,1.97,3.12,,60%,59%,,,,,,,0,0,,,,,,0,0,,,,,,0,0,,,,,,,
,BMS,FFXIII Series,LIGHTNING RETURNS - LIGHTNING RETURNS:FINAL FANTASY XIII -,4,5,9,11,133,170,219,481,567,170,219,481,567,1.28,1.65,3.62,4.26,1.28,1.65,3.62,4.26,29%,120%,18%,,,,,,0,0,,,,,,0,0,,,,,,0,0,,,,,,0,0
,FMS,FFXIII Series,Noel's Theme - Final Journey -,2,4,7,,136,154,223,286,,154,223,286,0,1.13,1.64,2.10,,1.13,1.64,2.10,,45%,28%,,,,,,,0,0,,,,,,0,0,,,,,,0,0,,,,,,,
,BMS,FFXIII Series,Paradigm Shift,4,5,9,13,180,222,259,373,660,222,259,373,660,1.23,1.44,2.07,3.67,1.23,1.44,2.07,3.67,17%,44%,77%,,,,,,0,0,,,,,,0,0,,,,,,0,0,,,,,,0,0
,FMS,FFXIII Series,Plains of Eternity,2,4,7,,110,124,153,228,,124,153,228,0,1.13,1.39,2.07,,1.13,1.39,2.07,,23%,49%,,,,,,,0,0,,,,,,0,0,,,,,,0,0,,,,,,,
,FMS,FFXIII Series,The Dead Dunes,2,4,8,,174,210,319,463,,210,319,463,0,1.21,1.83,2.66,,1.21,1.83,2.66,,52%,45%,,,,,,,0,0,,,,,,0,0,,,,,,0,0,,,,,,,
,FMS,FFXIII Series,The Glittering City of Yusnaan,3,5,8,,167,253,340,474,,253,340,474,0,1.51,2.04,2.84,,1.51,2.04,2.84,,34%,39%,,,,,,,0,0,,,,,,0,0,,,,,,0,0,,,,,,,
,BMS,FFXIII Series,The Last Hunter,2,4,10,,142,164,296,431,,164,296,431,0,1.15,2.08,3.04,,1.15,2.08,3.04,,80%,46%,,,,,,,0,0,,,,,,0,0,,,,,,0,0,,,,,,,
,BMS,FFXIII Series,The Savior - LIGHTNING RETURNS:FINAL FANTASY XIII -,3,5,10,14,149,225,310,518,765,225,310,518,765,1.51,2.08,3.48,5.13,1.51,2.08,3.48,5.13,38%,67%,48%,,,,,,0,0,,,,,,0,0,,,,,,0,0,,,,,,0,0
,EMS,FFXIII Series,The Savior - LIGHTNING RETURNS:FINAL FANTASY XIII - (EMS),2,5,8,,152,190,233,289,,190,233,289,0,1.25,1.53,1.90,,1.25,1.53,1.90,,23%,24%,,,,,,,0,0,,,,,,0,0,,,,,,0,0,,,,,,,
,EMS,FFXIII Series,Warrior Goddess,3,5,8,,129,150,204,241,,150,204,241,0,1.16,1.58,1.87,,1.16,1.58,1.87,,36%,18%,,,,,,,0,0,,,,,,0,0,,,,,,0,0,,,,,,,
,FMS,Final Fantasy,Airship,2,6,7,,91,134,202,240,,134,202,240,0,1.47,2.22,2.64,,1.47,2.22,2.64,,51%,19%,,,,,,,0,0,,,,,,0,0,,,,,,0,0,,,,,,,
,BMS,Final Fantasy,Battle,2,5,9,,127,149,275,379,,149,275,379,0,1.17,2.17,2.98,,1.17,2.17,2.98,,85%,38%,,,,,,,0,0,,,,,,0,0,,,,,,0,0,,,,,,,
,FMS,Final Fantasy,Castle Cornelia,2,5,9,,126,146,225,356,,146,225,356,0,1.16,1.79,2.83,,1.16,1.79,2.83,,54%,58%,,,,,,,0,0,,,,,,0,0,,,,,,0,0,,,,,,,
,BMS,Final Fantasy,Final Battle,3,5,9,12,105,161,246,355,468,161,246,355,468,1.53,2.34,3.38,4.46,1.53,2.34,3.38,4.46,53%,44%,32%,,,,,,0,0,,,,,,0,0,,,,,,0,0,,,,,,0,0
,FMS,Final Fantasy,Main Theme,3,5,8,,108,142,227,291,,142,227,291,0,1.31,2.10,2.69,,1.31,2.10,2.69,,60%,28%,,,,,,,0,0,,,,,,0,0,,,,,,0,0,,,,,,,
,FMS,Final Fantasy,Matoya's Cave,3,6,9,,103,145,227,309,,145,227,309,0,1.41,2.20,3.00,,1.41,2.20,3.00,,57%,36%,,,,,,,0,0,,,,,,0,0,,,,,,0,0,,,,,,,
,BMS,Final Fantasy,Miniboss Battle,3,5,10,12,121,177,269,445,575,177,269,445,575,1.46,2.22,3.68,4.75,1.46,2.22,3.68,4.75,52%,65%,29%,,,,,,0,0,,,,,,0,0,,,,,,0,0,,,,,,0,0
,FMS,Final Fantasy,Mt. Gulg,3,5,8,11,126,157,274,387,530,114,204,298,439,1.25,2.17,3.07,4.21,0.90,1.62,2.37,3.48,75%,41%,37%,43,27,44,0,43,22,22,86,38,78,2,70,40,38,109,57,127,5,89,66,61,182,103,142,12,91,77,65
,FMS,Final Fantasy,Opening Theme,3,5,8,,121,155,238,333,,155,238,333,0,1.28,1.97,2.75,,1.28,1.97,2.75,,54%,40%,,,,,,,0,0,,,,,,0,0,,,,,,0,0,,,,,,,
,EMS,Final Fantasy,Opening Theme (EMS),2,4,7,,124,192,251,274,,192,251,274,0,1.55,2.02,2.21,,1.55,2.02,2.21,,31%,9%,,,,,,,0,0,,,,,,0,0,,,,,,0,0,,,,,,,
,FMS,Final Fantasy,Sunken Shrine,3,5,8,,109,148,200,297,,148,200,297,0,1.36,1.83,2.72,,1.36,1.83,2.72,,35%,49%,,,,,,,0,0,,,,,,0,0,,,,,,0,0,,,,,,,
,BMS,Final Fantasy II,Battle Theme 1,3,5,9,13,126,163,300,470,893,157,292,392,709,1.29,2.38,3.73,7.09,1.25,2.32,3.11,5.63,84%,57%,90%,70,43,44,0,6,22,22,105,67,108,12,8,60,48,158,74,146,14,78,80,66,313,130,251,15,184,133,118
,BMS,Final Fantasy II,Battle Theme 2,3,5,8,13,129,152,259,401,688,152,259,401,688,1.18,2.01,3.11,5.33,1.18,2.01,3.11,5.33,70%,55%,72%,,,,,,0,0,,,,,,0,0,,,,,,0,0,,,,,,0,0
,BMS,Final Fantasy II,Battle Theme A,3,5,9,13,131,172,284,430,676,172,284,430,676,1.31,2.17,3.28,5.16,1.31,2.17,3.28,5.16,65%,51%,57%,,,,,,0,0,,,,,,0,0,,,,,,0,0,,,,,,0,0
,FMS,Final Fantasy II,Chocobo Theme,3,6,9,,68,105,138,200,,63,106,184,0,1.54,2.03,2.94,,0.93,1.56,2.71,,31%,45%,,20,7,34,2,42,18,16,31,21,43,11,32,27,16,52,34,85,13,16,49,36,,,,,,,
,FMS,Final Fantasy II,Dungeon,2,5,9,,101,130,188,316,,130,188,316,0,1.29,1.86,3.13,,1.29,1.86,3.13,,45%,68%,,,,,,,0,0,,,,,,0,0,,,,,,0,0,,,,,,,
,FMS,Final Fantasy II,Finale,2,4,7,,91,112,151,220,,112,151,220,0,1.23,1.66,2.42,,1.23,1.66,2.42,,35%,46%,,,,,,,0,0,,,,,,0,0,,,,,,0,0,,,,,,,
,FMS,Final Fantasy II,Main Theme,3,4,7,,119,129,214,280,,129,214,280,0,1.08,1.80,2.35,,1.08,1.80,2.35,,66%,31%,,,,,,,0,0,,,,,,0,0,,,,,,0,0,,,,,,,
,FMS,Final Fantasy II,The Imperial Army,2,5,9,,126,141,215,365,,141,215,365,0,1.12,1.71,2.90,,1.12,1.71,2.90,,52%,70%,,,,,,,0,0,,,,,,0,0,,,,,,0,0,,,,,,,
,BMS,Final Fantasy II,The Rebel Army,3,5,9,,102,125,212,318,,125,212,318,0,1.23,2.08,3.12,,1.23,2.08,3.12,,70%,50%,,,,,,,0,0,,,,,,0,0,,,,,,0,0,,,,,,,
,EMS,Final Fantasy II,The Rebel Army (EMS),3,5,8,,105,157,241,285,,157,241,285,0,1.50,2.30,2.71,,1.50,2.30,2.71,,54%,18%,,,,,,,0,0,,,,,,0,0,,,,,,0,0,,,,,,,
,FMS,Final Fantasy II,Tower of the Magi,2,4,10,13,119,127,222,381,580,127,222,381,580,1.07,1.87,3.20,4.87,1.07,1.87,3.20,4.87,75%,72%,52%,,,,,,0,0,,,,,,0,0,,,,,,0,0,,,,,,0,0
,FMS,Final Fantasy II,Town,2,4,7,,103,102,168,228,,102,168,228,0,0.99,1.63,2.21,,0.99,1.63,2.21,,65%,36%,,,,,,,0,0,,,,,,0,0,,,,,,0,0,,,,,,,
,BMS,Final Fantasy III,Battle 1,3,5,9,13,128,162,282,421,638,162,282,421,638,1.27,2.20,3.29,4.98,1.27,2.20,3.29,4.98,74%,49%,52%,,,,,,0,0,,,,,,0,0,,,,,,0,0,,,,,,0,0
,BMS,Final Fantasy III,Battle 2,3,5,10,13,125,173,253,437,779,173,253,437,779,1.38,2.02,3.50,6.23,1.38,2.02,3.50,6.23,46%,73%,78%,,,,,,0,0,,,,,,0,0,,,,,,0,0,,,,,,0,0
,FMS,Final Fantasy III,Crystal Cave,3,6,8,,98,125,177,256,,125,177,256,0,1.28,1.81,2.61,,1.28,1.81,2.61,,42%,45%,,,,,,,0,0,,,,,,0,0,,,,,,0,0,,,,,,,
,FMS,Final Fantasy III,"Elia, the Maiden of Water",2,4,6,,121,102,148,191,,102,148,191,0,0.84,1.22,1.58,,0.84,1.22,1.58,,45%,29%,,,,,,,0,0,,,,,,0,0,,,,,,0,0,,,,,,,
,EMS,Final Fantasy III,"Elia, the Maiden of Water (EMS)",2,4,6,,124,102,146,154,,102,146,154,0,0.82,1.18,1.24,,0.82,1.18,1.24,,43%,5%,,,,,,,0,0,,,,,,0,0,,,,,,0,0,,,,,,,
,FMS,Final Fantasy III,Eternal Wind,3,5,9,12,121,141,248,349,506,141,248,349,506,1.17,2.05,2.88,4.18,1.17,2.05,2.88,4.18,76%,41%,45%,,,,,,0,0,,,,,,0,0,,,,,,0,0,,,,,,0,0
,FMS,Final Fantasy III,Forbidden Land,4,6,10,,89,126,202,304,,126,202,304,0,1.42,2.27,3.42,,1.42,2.27,3.42,,60%,50%,,,,,,,0,0,,,,,,0,0,,,,,,0,0,,,,,,,
,FMS,Final Fantasy III,Let Me Know the Truth,3,5,10,,121,144,257,469,,144,257,469,0,1.19,2.12,3.88,,1.19,2.12,3.88,,78%,82%,,,,,,,0,0,,,,,,0,0,,,,,,0,0,,,,,,,
,FMS,Final Fantasy III,Salonia,3,5,9,,99,130,211,331,,130,211,331,0,1.31,2.13,3.34,,1.31,2.13,3.34,,62%,57%,,,,,,,0,0,,,,,,0,0,,,,,,0,0,,,,,,,
,FMS,Final Fantasy III,The Boundless Ocean,3,5,8,,130,171,225,400,,171,225,400,0,1.32,1.73,3.08,,1.32,1.73,3.08,,32%,78%,,,,,,,0,0,,,,,,0,0,,,,,,0,0,,,,,,,
,FMS,Final Fantasy III,The Crystal Tower,2,4,10,12,104,123,159,331,546,123,159,331,546,1.18,1.53,3.18,5.25,1.18,1.53,3.18,5.25,29%,108%,65%,,,,,,0,0,,,,,,0,0,,,,,,0,0,,,,,,0,0
,FMS,Final Fantasy III,The Dark Crystals,2,4,8,,102,97,145,231,,97,145,231,0,0.95,1.42,2.26,,0.95,1.42,2.26,,49%,59%,,,,,,,0,0,,,,,,0,0,,,,,,0,0,,,,,,,
,FMS,Final Fantasy III,The Invincible,3,5,9,11,122,180,303,375,496,83,180,253,381,1.48,2.48,3.07,4.07,0.68,1.48,2.07,3.12,68%,24%,32%,31,12,37,3,97,20,17,75,51,53,1,123,27,26,76,51,117,9,122,63,54,176,53,150,2,115,76,74
,BMS,Final Fantasy III,This is the Last Battle,3,5,10,14,126,166,254,434,752,166,254,434,752,1.32,2.02,3.44,5.97,1.32,2.02,3.44,5.97,53%,71%,73%,,,,,,0,0,,,,,,0,0,,,,,,0,0,,,,,,0,0
DX,FMS,Final Fantasy III,Zephyr Memories -Legend of the Eternal Wind-,2,4,7,,181,183,245,295,,82,90,159,0,1.01,1.35,1.63,,0.45,0.50,0.88,,34%,20%,,27,11,43,1,101,22,21,36,6,43,5,155,24,19,27,14,108,10,136,59,49,,,,,,,
,FMS,Final Fantasy IV,Another Moon,3,4,8,,116,137,193,306,,137,193,306,0,1.18,1.66,2.64,,1.18,1.66,2.64,,41%,59%,,,,,,,0,0,,,,,,0,0,,,,,,0,0,,,,,,,
,BMS,Final Fantasy IV,Battle 1,3,5,9,12,104,157,237,321,454,157,237,321,454,1.51,2.28,3.09,4.37,1.51,2.28,3.09,4.37,51%,35%,41%,,,,,,0,0,,,,,,0,0,,,,,,0,0,,,,,,0,0
,BMS,Final Fantasy IV,Battle 2,3,5,9,13,131,165,277,444,694,165,277,444,694,1.26,2.11,3.39,5.30,1.26,2.11,3.39,5.30,68%,60%,56%,,,,,,0,0,,,,,,0,0,,,,,,0,0,,,,,,0,0
,BMS,Final Fantasy IV,Battle with the Four Fiends,2,4,10,14,129,156,246,443,642,156,246,443,642,1.21,1.91,3.43,4.98,1.21,1.91,3.43,4.98,58%,80%,45%,,,,,,0,0,,,,,,0,0,,,,,,0,0,,,,,,0,0
,FMS,Final Fantasy IV,Lunar Whale,2,4,7,12,97,100,145,209,418,100,145,209,418,1.03,1.49,2.15,4.31,1.03,1.49,2.15,4.31,45%,44%,100%,,,,,,0,0,,,,,,0,0,,,,,,0,0,,,,,,0,0
,FMS,Final Fantasy IV,Main Theme of Final Fantasy IV,2,4,8,,125,142,190,350,,142,190,350,0,1.14,1.52,2.80,,1.14,1.52,2.80,,34%,84%,,,,,,,0,0,,,,,,0,0,,,,,,0,0,,,,,,,
,FMS,Final Fantasy IV,The Airship,4,6,9,,95,119,174,283,,119,174,283,0,1.25,1.83,2.98,,1.25,1.83,2.98,,46%,63%,,,,,,,0,0,,,,,,0,0,,,,,,0,0,,,,,,,
,BMS,Final Fantasy IV,The Final Battle,2,5,9,13,113,132,235,361,583,132,235,361,583,1.17,2.08,3.19,5.16,1.17,2.08,3.19,5.16,78%,54%,61%,,,,,,0,0,,,,,,0,0,,,,,,0,0,,,,,,0,0
,FMS,Final Fantasy IV,The Red Wings,3,6,10,,131,187,274,430,,187,274,430,0,1.43,2.09,3.28,,1.43,2.09,3.28,,47%,57%,,,,,,,0,0,,,,,,0,0,,,,,,0,0,,,,,,,
,FMS,Final Fantasy IV,Theme of Love,2,5,10,,135,177,256,467,,177,256,467,0,1.31,1.90,3.46,,1.31,1.90,3.46,,45%,82%,,,,,,,0,0,,,,,,0,0,,,,,,0,0,,,,,,,
,EMS,Final Fantasy IV,Theme of Love (EMS),2,5,7,,139,125,163,207,,125,163,207,0,0.90,1.17,1.49,,0.90,1.17,1.49,,30%,27%,,,,,,,0,0,,,,,,0,0,,,,,,0,0,,,,,,,
,FMS,Final Fantasy IV,Tower of Zot,3,6,10,,125,168,260,394,,168,260,394,0,1.34,2.08,3.15,,1.34,2.08,3.15,,55%,52%,,,,,,,0,0,,,,,,0,0,,,,,,0,0,,,,,,,
,FMS,Final Fantasy IV,Troian Beauty,3,5,8,,98,126,205,260,,126,205,260,0,1.29,2.09,2.65,,1.29,2.09,2.65,,63%,27%,,,,,,,0,0,,,,,,0,0,,,,,,0,0,,,,,,,
,FMS,Final Fantasy IV,Within the Giant,2,5,9,,128,138,252,351,,96,163,209,0,1.08,1.97,2.74,,0.75,1.27,1.63,,83%,39%,,26,16,52,2,42,27,25,51,40,64,8,89,36,28,77,28,90,14,142,52,38,,,,,,,
,FMS,Final Fantasy IX,A Place to Call Home,3,4,8,,115,145,221,313,,145,221,313,0,1.26,1.92,2.72,,1.26,1.92,2.72,,52%,42%,,,,,,,0,0,,,,,,0,0,,,,,,0,0,,,,,,,
,FMS,Final Fantasy IX,Aboard the Hilda Garde,3,5,8,12,126,184,249,360,608,184,249,360,608,1.46,1.98,2.86,4.83,1.46,1.98,2.86,4.83,35%,45%,69%,,,,,,0,0,,,,,,0,0,,,,,,0,0,,,,,,0,0
,BMS,Final Fantasy IX,Battle 1,3,5,8,14,119,154,251,333,657,149,249,333,606,1.29,2.11,2.80,5.52,1.25,2.09,2.80,5.09,63%,33%,97%,71,24,53,1,5,27,26,129,62,48,10,2,29,19,154,83,81,15,0,48,33,395,113,98,0,51,49,49
,BMS,Final Fantasy IX,Battle 2,3,4,9,,118,193,259,365,,193,259,365,0,1.64,2.19,3.09,,1.64,2.19,3.09,,34%,41%,,,,,,,0,0,,,,,,0,0,,,,,,0,0,,,,,,,
,FMS,Final Fantasy IX,Behind the Door,2,4,8,,125,136,189,248,,136,189,248,0,1.09,1.51,1.98,,1.09,1.51,1.98,,39%,31%,,,,,,,0,0,,,,,,0,0,,,,,,0,0,,,,,,,
,EMS,Final Fantasy IX,Behind the Door (EMS),2,4,7,,128,107,132,195,,107,132,195,0,0.84,1.03,1.52,,0.84,1.03,1.52,,23%,48%,,,,,,,0,0,,,,,,0,0,,,,,,0,0,,,,,,,
,FMS,Final Fantasy IX,Dark City Treno,2,4,7,,159,211,375,436,,211,375,436,0,1.33,2.36,2.74,,1.33,2.36,2.74,,78%,16%,,,,,,,0,0,,,,,,0,0,,,,,,0,0,,,,,,,
,BMS,Final Fantasy IX,Festival of the Hunt,4,5,9,13,113,191,250,376,544,191,250,376,544,1.69,2.21,3.33,4.81,1.69,2.21,3.33,4.81,31%,50%,45%,,,,,,0,0,,,,,,0,0,,,,,,0,0,,,,,,0,0
,FMS,Final Fantasy IX,"Iifa, the Ancient Tree of Life",2,4,8,,136,169,217,253,,169,217,253,0,1.24,1.60,1.86,,1.24,1.60,1.86,,28%,17%,,,,,,,0,0,,,,,,0,0,,,,,,0,0,,,,,,,
,FMS,Final Fantasy IX,Ipsen's Castle,2,4,8,,106,118,162,268,,118,162,268,0,1.11,1.53,2.53,,1.11,1.53,2.53,,37%,65%,,,,,,,0,0,,,,,,0,0,,,,,,0,0,,,,,,,
DX,FMS,Final Fantasy IX,Melodies Of Life ~Final Fantasy,2,4,7,,140,170,222,321,,170,222,321,0,1.21,1.59,2.29,,1.21,1.59,2.29,,31%,45%,,,,,,,0,0,,,,,,0,0,,,,,,0,0,,,,,,,
,FMS,Final Fantasy IX,Not Alone,3,4,6,,129,157,201,271,,157,201,271,0,1.22,1.56,2.10,,1.22,1.56,2.10,,28%,35%,,,,,,,0,0,,,,,,0,0,,,,,,0,0,,,,,,,
,FMS,Final Fantasy IX,Over the Hill,2,4,6,,140,158,217,309,,158,217,309,0,1.13,1.55,2.21,,1.13,1.55,2.21,,37%,42%,,,,,,,0,0,,,,,,0,0,,,,,,0,0,,,,,,,
,FMS,Final Fantasy IX,Roses of May,3,6,9,,140,179,320,392,,179,320,392,0,1.28,2.29,2.80,,1.28,2.29,2.80,,79%,23%,,,,,,,0,0,,,,,,0,0,,,,,,0,0,,,,,,,
,BMS,Final Fantasy IX,Something to Protect,3,6,9,,117,188,287,401,,188,287,401,0,1.61,2.45,3.43,,1.61,2.45,3.43,,53%,40%,,,,,,,0,0,,,,,,0,0,,,,,,0,0,,,,,,,
,BMS,Final Fantasy IX,Swords of Fury,3,5,9,,137,161,253,436,,161,253,436,0,1.18,1.85,3.18,,1.18,1.85,3.18,,57%,72%,,,,,,,0,0,,,,,,0,0,,,,,,0,0,,,,,,,
,BMS,Final Fantasy IX,The Darkness of Eternity,3,4,9,13,169,197,341,497,795,197,341,497,795,1.17,2.02,2.94,4.70,1.17,2.02,2.94,4.70,73%,46%,60%,,,,,,0,0,,,,,,0,0,,,,,,0,0,,,,,,0,0
,BMS,Final Fantasy IX,The Final Battle,3,5,10,12,137,212,311,454,673,212,311,454,673,1.55,2.27,3.31,4.91,1.55,2.27,3.31,4.91,47%,46%,48%,,,,,,0,0,,,,,,0,0,,,,,,0,0,,,,,,0,0
,BMS,Final Fantasy IX,Vamo'alla flamenco,2,5,10,13,100,126,196,326,482,126,196,326,482,1.26,1.96,3.26,4.82,1.26,1.96,3.26,4.82,56%,66%,48%,,,,,,0,0,,,,,,0,0,,,,,,0,0,,,,,,0,0
,FMS,Final Fantasy IX,Vivi's Theme,2,4,8,,122,142,230,340,,142,230,340,0,1.16,1.89,2.79,,1.16,1.89,2.79,,62%,48%,,,,,,,0,0,,,,,,0,0,,,,,,0,0,,,,,,,
,FMS,Final Fantasy V,A New World,3,5,8,,123,172,238,323,,172,238,323,0,1.40,1.93,2.63,,1.40,1.93,2.63,,38%,36%,,,,,,,0,0,,,,,,0,0,,,,,,0,0,,,,,,,
,BMS,Final Fantasy V,Battle 1,3,5,8,12,128,146,271,375,474,146,271,375,474,1.14,2.12,2.93,3.70,1.14,2.12,2.93,3.70,86%,38%,26%,,,,,,0,0,,,,,,0,0,,,,,,0,0,,,,,,0,0
,BMS,Final Fantasy V,Battle 2,3,5,9,13,142,161,256,474,621,161,256,474,621,1.13,1.80,3.34,4.37,1.13,1.80,3.34,4.37,59%,85%,31%,,,,,,0,0,,,,,,0,0,,,,,,0,0,,,,,,0,0
,BMS,Final Fantasy V,Battle at the Big Bridge,2,5,9,13,128,148,288,431,729,148,288,431,729,1.16,2.25,3.37,5.70,1.16,2.25,3.37,5.70,95%,50%,69%,,,,,,0,0,,,,,,0,0,,,,,,0,0,,,,,,0,0
,FMS,Final Fantasy V,Four Hearts,3,4,8,12,126,149,214,366,536,149,214,366,536,1.18,1.70,2.90,4.25,1.18,1.70,2.90,4.25,44%,71%,46%,,,,,,0,0,,,,,,0,0,,,,,,0,0,,,,,,0,0
,FMS,Final Fantasy V,Harvest,2,5,8,12,99,141,204,264,544,141,204,264,544,1.42,2.06,2.67,5.49,1.42,2.06,2.67,5.49,45%,29%,106%,,,,,,0,0,,,,,,0,0,,,,,,0,0,,,,,,0,0
,FMS,Final Fantasy V,"Home, sweet Home",4,6,9,,122,177,286,356,,177,286,356,0,1.45,2.34,2.92,,1.45,2.34,2.92,,62%,24%,,,,,,,0,0,,,,,,0,0,,,,,,0,0,,,,,,,
,EMS,Final Fantasy V,"Home, sweet Home (EMS)",2,5,7,,125,156,237,252,,156,237,252,0,1.25,1.90,2.02,,1.25,1.90,2.02,,52%,6%,,,,,,,0,0,,,,,,0,0,,,,,,0,0,,,,,,,
,FMS,Final Fantasy V,In Search of Light,3,6,8,,131,167,259,329,,167,259,329,0,1.27,1.98,2.51,,1.27,1.98,2.51,,55%,27%,,,,,,,0,0,,,,,,0,0,,,,,,0,0,,,,,,,
,FMS,Final Fantasy V,Library of Ancients,4,6,10,,141,172,294,430,,172,294,430,0,1.22,2.09,3.05,,1.22,2.09,3.05,,71%,46%,,,,,,,0,0,,,,,,0,0,,,,,,0,0,,,,,,,
,BMS,Final Fantasy V,Main Theme of Final Fantasy V,3,4,8,,150,164,236,435,,164,236,435,0,1.09,1.57,2.90,,1.09,1.57,2.90,,44%,84%,,,,,,,0,0,,,,,,0,0,,,,,,0,0,,,,,,,
,FMS,Final Fantasy V,Mambo de Chocobo,4,6,9,14,118,168,284,388,555,168,284,388,555,1.42,2.41,3.29,4.70,1.42,2.41,3.29,4.70,69%,37%,43%,,,,,,0,0,,,,,,0,0,,,,,,0,0,,,,,,0,0
,FMS,Final Fantasy V,The Airship,3,5,8,,114,140,211,271,,140,211,271,0,1.23,1.85,2.38,,1.23,1.85,2.38,,51%,28%,,,,,,,0,0,,,,,,0,0,,,,,,0,0,,,,,,,
,BMS,Final Fantasy V,The Dawn Warriors,3,5,8,,128,161,266,379,,161,266,379,0,1.26,2.08,2.96,,1.26,2.08,2.96,,65%,42%,,,,,,,0,0,,,,,,0,0,,,,,,0,0,,,,,,,
,BMS,Final Fantasy V,The Decisive Battle,3,4,9,13,161,201,271,462,815,201,271,462,815,1.25,1.68,2.87,5.06,1.25,1.68,2.87,5.06,35%,70%,76%,,,,,,0,0,,,,,,0,0,,,,,,0,0,,,,,,0,0
,BMS,Final Fantasy V,The Final Battle,4,5,9,14,116,135,211,349,555,135,211,349,555,1.16,1.82,3.01,4.78,1.16,1.82,3.01,4.78,56%,65%,59%,,,,,,0,0,,,,,,0,0,,,,,,0,0,,,,,,0,0
,FMS,Final Fantasy V,To the North Mountain,2,5,8,,105,118,205,327,,118,205,327,0,1.12,1.95,3.11,,1.12,1.95,3.11,,74%,60%,,,,,,,0,0,,,,,,0,0,,,,,,0,0,,,,,,,
,BMS,Final Fantasy VI,Battle,3,5,10,14,116,174,289,425,612,145,245,420,612,1.50,2.49,3.66,5.28,1.25,2.11,3.62,5.28,66%,47%,44%,56,39,50,0,29,25,25,133,54,53,5,44,29,24,196,104,119,1,5,60,59,301,153,149,9,0,79,70
,BMS,Final Fantasy VI,Battle to the Death,3,5,10,11,125,224,333,536,744,224,333,536,744,1.79,2.66,4.29,5.95,1.79,2.66,4.29,5.95,49%,61%,39%,,,,,,0,0,,,,,,0,0,,,,,,0,0,,,,,,0,0
,FMS,Final Fantasy VI,Celes's Theme,2,4,9,,123,141,231,345,,141,231,345,0,1.15,1.88,2.80,,1.15,1.88,2.80,,64%,49%,,,,,,,0,0,,,,,,0,0,,,,,,0,0,,,,,,,
,EMS,Final Fantasy VI,Celes's Theme (EMS),2,4,7,,126,115,138,152,,115,138,152,0,0.91,1.10,1.21,,0.91,1.10,1.21,,20%,10%,,,,,,,0,0,,,,,,0,0,,,,,,0,0,,,,,,,
,BMS,Final Fantasy VI,Dancing Mad,2,4,8,13,120,122,221,296,514,122,221,296,514,1.02,1.84,2.47,4.28,1.02,1.84,2.47,4.28,81%,34%,74%,,,,,,0,0,,,,,,0,0,,,,,,0,0,,,,,,0,0
,FMS,Final Fantasy VI,Edgar & Sabin's Theme,2,5,9,12,118,136,204,327,414,136,204,327,414,1.15,1.73,2.77,3.51,1.15,1.73,2.77,3.51,50%,60%,27%,,,,,,0,0,,,,,,0,0,,,,,,0,0,,,,,,0,0
,BMS,Final Fantasy VI,Grand Finale,3,5,10,14,100,140,231,327,482,140,231,327,482,1.40,2.31,3.27,4.82,1.40,2.31,3.27,4.82,65%,42%,47%,,,,,,0,0,,,,,,0,0,,,,,,0,0,,,,,,0,0
,FMS,Final Fantasy VI,Kefka's Tower,3,5,8,,128,157,249,378,,157,249,378,0,1.23,1.95,2.95,,1.23,1.95,2.95,,59%,52%,,,,,,,0,0,,,,,,0,0,,,,,,0,0,,,,,,,
,BMS,Final Fantasy VI,Locke's Theme,3,4,7,,115,138,194,289,,138,194,289,0,1.20,1.69,2.51,,1.20,1.69,2.51,,41%,49%,,,,,,,0,0,,,,,,0,0,,,,,,0,0,,,,,,,
,BMS,Final Fantasy VI,Protect the Espers!,3,6,9,12,111,152,226,360,652,152,226,360,652,1.37,2.04,3.24,5.87,1.37,2.04,3.24,5.87,49%,59%,81%,,,,,,0,0,,,,,,0,0,,,,,,0,0,,,,,,0,0
,FMS,Final Fantasy VI,Searching for Friends,3,4,7,,118,147,197,268,,147,197,268,0,1.25,1.67,2.27,,1.25,1.67,2.27,,34%,36%,,,,,,,0,0,,,,,,0,0,,,,,,0,0,,,,,,,
,FMS,Final Fantasy VI,Terra's Theme,3,5,7,,117,148,242,290,,148,242,290,0,1.26,2.07,2.48,,1.26,2.07,2.48,,64%,20%,,,,,,,0,0,,,,,,0,0,,,,,,0,0,,,,,,,
,FMS,Final Fantasy VI,The Airship Blackjack,2,4,8,11,115,133,204,336,431,82,157,252,335,1.16,1.77,2.92,3.75,0.71,1.37,2.19,2.91,53%,65%,28%,17,13,49,3,51,26,23,55,34,63,5,47,34,29,84,46,111,11,84,61,50,97,64,148,26,96,87,61
,BMS,Final Fantasy VI,The Decisive Battle,2,5,9,13,117,150,277,374,524,150,277,374,524,1.28,2.37,3.20,4.48,1.28,2.37,3.20,4.48,85%,35%,40%,,,,,,0,0,,,,,,0,0,,,,,,0,0,,,,,,0,0
,BMS,Final Fantasy VII,Aerith's Theme,2,3,7,,125,159,211,223,,159,211,223,0,1.27,1.69,1.78,,1.27,1.69,1.78,,33%,6%,,,,,,,0,0,,,,,,0,0,,,,,,0,0,,,,,,,
,EMS,Final Fantasy VII,Aerith's Theme (EMS),2,4,7,,128,108,128,170,,108,128,170,0,0.84,1.00,1.33,,0.84,1.00,1.33,,19%,33%,,,,,,,0,0,,,,,,0,0,,,,,,0,0,,,,,,,
,BMS,Final Fantasy VII,Birth of a God,3,4,8,13,127,147,225,302,490,147,225,302,490,1.16,1.77,2.38,3.86,1.16,1.77,2.38,3.86,53%,34%,62%,,,,,,0,0,,,,,,0,0,,,,,,0,0,,,,,,0,0
,FMS,Final Fantasy VII,Cosmo Canyon,2,5,10,,110,108,213,351,,108,213,351,0,0.98,1.94,3.19,,0.98,1.94,3.19,,97%,65%,,,,,,,0,0,,,,,,0,0,,,,,,0,0,,,,,,,
,BMS,Final Fantasy VII,Fight On!,3,5,8,14,131,237,348,421,667,237,348,421,667,1.81,2.66,3.21,5.09,1.81,2.66,3.21,5.09,47%,21%,58%,,,,,,0,0,,,,,,0,0,,,,,,0,0,,,,,,0,0
,FMS,Final Fantasy VII,Gold Saucer,4,6,9,13,107,159,252,406,512,159,252,406,512,1.49,2.36,3.79,4.79,1.49,2.36,3.79,4.79,58%,61%,26%,,,,,,0,0,,,,,,0,0,,,,,,0,0,,,,,,0,0
,BMS,Final Fantasy VII,JENOVA,2,4,7,11,125,140,211,391,499,140,211,391,499,1.12,1.69,3.13,3.99,1.12,1.69,3.13,3.99,51%,85%,28%,,,,,,0,0,,,,,,0,0,,,,,,0,0,,,,,,0,0
,FMS,Final Fantasy VII,Judgment Day,3,5,8,,118,138,184,308,,138,184,308,0,1.17,1.56,2.61,,1.17,1.56,2.61,,33%,67%,,,,,,,0,0,,,,,,0,0,,,,,,0,0,,,,,,,
,BMS,Final Fantasy VII,Let the Battles Begin!,2,5,8,14,130,204,331,441,685,204,331,441,685,1.57,2.55,3.39,5.27,1.57,2.55,3.39,5.27,62%,33%,55%,,,,,,0,0,,,,,,0,0,,,,,,0,0,,,,,,0,0
,FMS,Final Fantasy VII,Main Theme of Final Fantasy VII,2,4,6,,114,132,187,245,,132,187,245,0,1.16,1.64,2.15,,1.16,1.64,2.15,,42%,31%,,,,,,,0,0,,,,,,0,0,,,,,,0,0,,,,,,,
,BMS,Final Fantasy VII,One-Winged Angel,3,5,8,14,143,263,373,432,664,263,373,432,664,1.84,2.61,3.02,4.64,1.84,2.61,3.02,4.64,42%,16%,54%,,,,,,0,0,,,,,,0,0,,,,,,0,0,,,,,,0,0
,BMS,Final Fantasy VII,Opening - Bombing Mission,3,5,10,13,147,202,312,491,639,202,312,491,639,1.37,2.12,3.34,4.35,1.37,2.12,3.34,4.35,54%,57%,30%,,,,,,0,0,,,,,,0,0,,,,,,0,0,,,,,,0,0
,FMS,Final Fantasy VII,Rufus's Welcoming Ceremony,3,5,9,,123,169,263,379,,169,263,379,0,1.37,2.14,3.08,,1.37,2.14,3.08,,56%,44%,,,,,,,0,0,,,,,,0,0,,,,,,0,0,,,,,,,
,FMS,Final Fantasy VII,The Chase,3,5,8,13,112,127,202,317,536,127,202,317,536,1.13,1.80,2.83,4.79,1.13,1.80,2.83,4.79,59%,57%,69%,,,,,,0,0,,,,,,0,0,,,,,,0,0,,,,,,0,0
,FMS,Final Fantasy VII,The Highwind Takes to the Skies,3,5,9,,112,144,204,343,,144,204,343,0,1.29,1.82,3.06,,1.29,1.82,3.06,,42%,68%,,,,,,,0,0,,,,,,0,0,,,,,,0,0,,,,,,,
,FMS,Final Fantasy VIII,Balamb GARDEN,2,4,8,,105,118,163,266,,118,163,266,0,1.12,1.55,2.53,,1.12,1.55,2.53,,38%,63%,,,,,,,0,0,,,,,,0,0,,,,,,0,0,,,,,,,
,FMS,Final Fantasy VIII,Blue Fields,3,4,7,,127,161,220,294,,161,220,294,0,1.27,1.73,2.31,,1.27,1.73,2.31,,37%,34%,,,,,,,0,0,,,,,,0,0,,,,,,0,0,,,,,,,
,BMS,Final Fantasy VIII,Don't be Afraid,3,5,9,12,118,162,227,379,414,162,227,379,414,1.37,1.92,3.21,3.51,1.37,1.92,3.21,3.51,40%,67%,9%,,,,,,0,0,,,,,,0,0,,,,,,0,0,,,,,,0,0
,FMS,Final Fantasy VIII,Ending Theme,1,4,8,,113,127,182,328,,82,115,227,0,1.12,1.61,2.90,,0.73,1.02,2.01,,43%,80%,,26,12,40,4,45,22,18,31,28,50,6,67,28,22,83,42,97,5,101,51,46,,,,,,,
DX,FMS,Final Fantasy VIII,Eyes On Me,2,4,7,,165,197,244,327,,197,244,327,0,1.19,1.48,1.98,,1.19,1.48,1.98,,24%,34%,,,,,,,0,0,,,,,,0,0,,,,,,0,0,,,,,,,
,FMS,Final Fantasy VIII,Find Your Way,2,4,7,,116,157,204,381,,157,204,381,0,1.35,1.76,3.28,,1.35,1.76,3.28,,30%,87%,,,,,,,0,0,,,,,,0,0,,,,,,0,0,,,,,,,
,FMS,Final Fantasy VIII,Fisherman's Horizon,3,4,6,,114,138,182,245,,138,182,245,0,1.21,1.60,2.15,,1.21,1.60,2.15,,32%,35%,,,,,,,0,0,,,,,,0,0,,,,,,0,0,,,,,,,
,BMS,Final Fantasy VIII,Force Your Way,3,4,10,13,113,166,235,410,586,166,235,410,586,1.47,2.08,3.63,5.19,1.47,2.08,3.63,5.19,42%,74%,43%,,,,,,0,0,,,,,,0,0,,,,,,0,0,,,,,,0,0
,BMS,Final Fantasy VIII,Liberi Fatali,3,6,9,,186,222,345,594,,222,345,594,0,1.19,1.85,3.19,,1.19,1.85,3.19,,55%,72%,,,,,,,0,0,,,,,,0,0,,,,,,0,0,,,,,,,
,FMS,Final Fantasy VIII,Love Grows,2,4,7,,139,152,195,259,,152,195,259,0,1.09,1.40,1.86,,1.09,1.40,1.86,,28%,33%,,,,,,,0,0,,,,,,0,0,,,,,,0,0,,,,,,,
,BMS,Final Fantasy VIII,Maybe I'm a Lion,2,4,10,13,163,196,313,569,751,196,313,569,751,1.20,1.92,3.49,4.61,1.20,1.92,3.49,4.61,60%,82%,32%,,,,,,0,0,,,,,,0,0,,,,,,0,0,,,,,,0,0
,BMS,Final Fantasy VIII,Premonition,2,4,8,12,154,203,279,389,557,203,279,389,557,1.32,1.81,2.53,3.62,1.32,1.81,2.53,3.62,37%,39%,43%,,,,,,0,0,,,,,,0,0,,,,,,0,0,,,,,,0,0
,FMS,Final Fantasy VIII,Ride On,3,5,8,,122,173,245,343,,173,245,343,0,1.42,2.01,2.81,,1.42,2.01,2.81,,42%,40%,,,,,,,0,0,,,,,,0,0,,,,,,0,0,,,,,,,
,BMS,Final Fantasy VIII,Shuffle or Boogie,3,5,9,11,110,145,209,406,495,145,209,406,495,1.32,1.90,3.69,4.50,1.32,1.90,3.69,4.50,44%,94%,22%,,,,,,0,0,,,,,,0,0,,,,,,0,0,,,,,,0,0
,FMS,Final Fantasy VIII,The Castle,3,6,10,13,164,187,327,533,684,187,327,533,684,1.14,1.99,3.25,4.17,1.14,1.99,3.25,4.17,75%,63%,28%,,,,,,0,0,,,,,,0,0,,,,,,0,0,,,,,,0,0
,BMS,Final Fantasy VIII,The Extreme,3,5,10,13,159,192,334,573,731,192,334,573,731,1.21,2.10,3.60,4.60,1.21,2.10,3.60,4.60,74%,72%,28%,,,,,,0,0,,,,,,0,0,,,,,,0,0,,,,,,0,0
,BMS,Final Fantasy VIII,The Man with the Machine Gun,3,5,10,13,122,157,250,493,587,157,250,493,587,1.29,2.05,4.04,4.81,1.29,2.05,4.04,4.81,59%,97%,19%,,,,,,0,0,,,,,,0,0,,,,,,0,0,,,,,,0,0
,FMS,Final Fantasy VIII,The Oath,2,4,7,,142,160,243,379,,160,243,379,0,1.13,1.71,2.67,,1.13,1.71,2.67,,52%,56%,,,,,,,0,0,,,,,,0,0,,,,,,0,0,,,,,,,
,FMS,Final Fantasy VIII,Waltz for the Moon,3,5,9,,141,168,269,451,,168,269,451,0,1.19,1.91,3.20,,1.19,1.91,3.20,,60%,68%,,,,,,,0,0,,,,,,0,0,,,,,,0,0,,,,,,,
,EMS,Final Fantasy VIII,Waltz for the Moon (EMS),3,6,9,,145,162,278,373,,162,278,373,0,1.12,1.92,2.57,,1.12,1.92,2.57,,72%,34%,,,,,,,0,0,,,,,,0,0,,,,,,0,0,,,,,,,
,BMS,Final Fantasy X,A Contest of Aeons,4,6,10,13,123,272,265,375,626,272,265,375,626,2.21,2.15,3.05,5.09,2.21,2.15,3.05,5.09,-3%,42%,67%,,,,,,0,0,,,,,,0,0,,,,,,0,0,,,,,,0,0
,FMS,Final Fantasy X,A Fleeting Dream,2,4,8,,114,138,193,270,,138,193,270,0,1.21,1.69,2.37,,1.21,1.69,2.37,,40%,40%,,,,,,,0,0,,,,,,0,0,,,,,,0,0,,,,,,,
,BMS,Final Fantasy X,Assault,4,6,10,,136,147,275,483,,147,275,483,0,1.08,2.02,3.55,,1.08,2.02,3.55,,87%,76%,,,,,,,0,0,,,,,,0,0,,,,,,0,0,,,,,,,
,BMS,Final Fantasy X,Battle Theme,2,4,8,12,126,148,253,417,599,148,253,417,599,1.17,2.01,3.31,4.75,1.17,2.01,3.31,4.75,71%,65%,44%,,,,,,0,0,,,,,,0,0,,,,,,0,0,,,,,,0,0
,BMS,Final Fantasy X,Blitz Off!,3,4,7,,125,174,228,448,,174,228,448,0,1.39,1.82,3.58,,1.39,1.82,3.58,,31%,96%,,,,,,,0,0,,,,,,0,0,,,,,,0,0,,,,,,,
,BMS,Final Fantasy X,Challenge,2,4,7,,145,143,156,291,,70,131,262,0,0.99,1.08,2.01,,0.48,0.90,1.81,,9%,87%,,16,6,45,3,73,24,21,27,32,70,2,25,36,34,150,56,56,0,29,28,28,,,,,,,
,BMS,Final Fantasy X,Fight with Seymour,2,4,8,13,190,235,418,588,890,235,418,588,890,1.24,2.20,3.09,4.68,1.24,2.20,3.09,4.68,78%,41%,51%,,,,,,0,0,,,,,,0,0,,,,,,0,0,,,,,,0,0
,BMS,Final Fantasy X,Final Battle,3,6,9,13,137,183,299,484,838,183,299,484,838,1.34,2.18,3.53,6.12,1.34,2.18,3.53,6.12,63%,62%,73%,,,,,,0,0,,,,,,0,0,,,,,,0,0,,,,,,0,0
,FMS,Final Fantasy X,Launch,3,5,9,,134,254,314,582,,254,314,582,0,1.90,2.34,4.34,,1.90,2.34,4.34,,24%,85%,,,,,,,0,0,,,,,,0,0,,,,,,0,0,,,,,,,
,FMS,Final Fantasy X,Mi'ihen Highroad,3,6,7,,122,171,265,340,,171,265,340,0,1.40,2.17,2.79,,1.40,2.17,2.79,,55%,28%,,,,,,,0,0,,,,,,0,0,,,,,,0,0,,,,,,,
,FMS,Final Fantasy X,Movement In Green,3,4,10,,116,146,201,350,,146,201,350,0,1.26,1.73,3.02,,1.26,1.73,3.02,,38%,74%,,,,,,,0,0,,,,,,0,0,,,,,,0,0,,,,,,,
,BMS,Final Fantasy X,Otherworld,3,5,10,14,136,198,293,462,617,198,293,462,617,1.46,2.15,3.40,4.54,1.46,2.15,3.40,4.54,48%,58%,34%,,,,,,0,0,,,,,,0,0,,,,,,0,0,,,,,,0,0
,FMS,Final Fantasy X,Servants of the Mountain,2,5,8,,129,130,226,323,,130,226,323,0,1.01,1.75,2.50,,1.01,1.75,2.50,,74%,43%,,,,,,,0,0,,,,,,0,0,,,,,,0,0,,,,,,,
,FMS,Final Fantasy X,Spira Unplugged,3,5,8,,108,164,234,299,,164,234,299,0,1.52,2.17,2.77,,1.52,2.17,2.77,,43%,28%,,,,,,,0,0,,,,,,0,0,,,,,,0,0,,,,,,,
,FMS,Final Fantasy X,SUTEKI DA NE (Isn't It Wonderful?),3,4,9,,142,164,185,203,,164,185,203,0,1.15,1.30,1.43,,1.15,1.30,1.43,,13%,10%,,,,,,,0,0,,,,,,0,0,,,,,,0,0,,,,,,,
,EMS,Final Fantasy X,SUTEKI DA NE (Isn't It Wonderful?) (EMS),2,5,7,,145,125,180,220,,125,180,220,0,0.86,1.24,1.52,,0.86,1.24,1.52,,44%,22%,,,,,,,0,0,,,,,,0,0,,,,,,0,0,,,,,,,
,FMS,Final Fantasy X,Thunder Plains,3,5,8,13,118,173,240,332,552,173,240,332,552,1.47,2.03,2.81,4.68,1.47,2.03,2.81,4.68,39%,38%,66%,,,,,,0,0,,,,,,0,0,,,,,,0,0,,,,,,0,0
,FMS,Final Fantasy X,Via Purifico,3,5,10,,133,208,350,565,,208,350,565,0,1.56,2.63,4.25,,1.56,2.63,4.25,,68%,61%,,,,,,,0,0,,,,,,0,0,,,,,,0,0,,,,,,,
DX,FMS,Final Fantasy X,Zanarkand,2,5,7,,134,140,182,352,,96,137,242,0,1.04,1.36,2.63,,0.72,1.02,1.81,,30%,93%,,33,15,48,0,44,24,24,34,55,34,14,45,24,10,73,65,92,12,110,52,40,,,,,,,
,BMS,Final Fantasy X-2,"""Let me blow you a kiss.""",4,7,9,,110,231,261,369,,231,261,369,0,2.10,2.37,3.35,,2.10,2.37,3.35,,13%,41%,,,,,,,0,0,,,,,,0,0,,,,,,0,0,,,,,,,
,EMS,Final Fantasy X-2,1000 Words (FFX-2 Mix),2,5,8,,152,115,177,293,,115,177,293,0,0.76,1.16,1.93,,0.76,1.16,1.93,,54%,66%,,,,,,,0,0,,,,,,0,0,,,,,,0,0,,,,,,,
DX,FMS,Final Fantasy X-2,Kuon -Memories of Waves and Light-,3,5,8,,152,208,311,501,,208,311,501,0,1.37,2.05,3.30,,1.37,2.05,3.30,,50%,61%,,,,,,,0,0,,,,,,0,0,,,,,,0,0,,,,,,,
DX,BMS,Final Fantasy X-2,real Emotion (FFX-2 Mix),4,6,9,12,148,247,333,441,537,247,333,441,537,1.67,2.25,2.98,3.63,1.67,2.25,2.98,3.63,35%,32%,22%,,,,,,0,0,,,,,,0,0,,,,,,0,0,,,,,,0,0
,FMS,Final Fantasy X-2,The Bevelle Underground,2,5,10,,107,148,384,381,,148,384,381,0,1.38,3.59,3.56,,1.38,3.59,3.56,,159%,-1%,,,,,,,0,0,,,,,,0,0,,,,,,0,0,,,,,,,
,FMS,Final Fantasy X-2,The Farplane Abyss,3,5,8,,106,103,152,272,,103,152,272,0,0.97,1.43,2.57,,0.97,1.43,2.57,,48%,79%,,,,,,,0,0,,,,,,0,0,,,,,,0,0,,,,,,,
,BMS,Final Fantasy X-2,Their Resting Place,3,7,10,,131,180,419,624,,159,320,590,0,1.37,3.20,4.76,,1.21,2.44,4.50,,133%,49%,,80,45,33,1,21,17,16,167,107,45,1,99,23,22,302,104,171,13,34,92,79,,,,,,,
,FMS,Final Fantasy X-2,We're the Gullwings!,3,6,8,,134,181,259,377,,181,259,377,0,1.35,1.93,2.81,,1.35,1.93,2.81,,43%,46%,,,,,,,0,0,,,,,,0,0,,,,,,0,0,,,,,,,
,BMS,Final Fantasy X-2,"YuRiPa, Fight! No.1",3,6,9,,107,193,244,293,,146,208,279,0,1.80,2.28,2.74,,1.36,1.94,2.61,,26%,20%,,67,27,39,13,47,26,13,82,76,35,15,36,25,10,118,93,64,4,14,34,30,,,,,,,
,BMS,Final Fantasy XI,"""FFXI Opening Theme""",3,5,7,,138,123,156,203,,123,156,203,0,0.89,1.13,1.47,,0.89,1.13,1.47,,27%,30%,,,,,,,0,0,,,,,,0,0,,,,,,0,0,,,,,,,
,EMS,Final Fantasy XI,"""FFXI Opening Theme"" (EMS)",2,5,7,,140,110,147,200,,110,147,200,0,0.79,1.05,1.43,,0.79,1.05,1.43,,34%,36%,,,,,,,0,0,,,,,,0,0,,,,,,0,0,,,,,,,
,FMS,Final Fantasy XI,A New Horizon - Tavnazian Archipelago,3,5,8,,150,175,301,401,,175,301,401,0,1.17,2.01,2.67,,1.17,2.01,2.67,,72%,33%,,,,,,,0,0,,,,,,0,0,,,,,,0,0,,,,,,,
,BMS,Final Fantasy XI,Awakening,3,5,7,12,135,183,254,324,617,183,254,324,617,1.36,1.88,2.40,4.57,1.36,1.88,2.40,4.57,39%,28%,90%,,,,,,0,0,,,,,,0,0,,,,,,0,0,,,,,,0,0
,BMS,Final Fantasy XI,Battle Theme,3,5,9,,111,130,213,343,,130,213,343,0,1.17,1.92,3.09,,1.17,1.92,3.09,,64%,61%,,,,,,,0,0,,,,,,0,0,,,,,,0,0,,,,,,,
DX,FMS,Final Fantasy XI,Distant Worlds,2,4,7,,198,209,262,402,,209,262,402,0,1.06,1.32,2.03,,1.06,1.32,2.03,,25%,53%,,,,,,,0,0,,,,,,0,0,,,,,,0,0,,,,,,,
,BMS,Final Fantasy XI,Fighters of the Crystal,2,4,9,12,131,125,223,418,593,125,223,418,593,0.95,1.70,3.19,4.53,0.95,1.70,3.19,4.53,78%,87%,42%,,,,,,0,0,,,,,,0,0,,,,,,0,0,,,,,,0,0
,FMS,Final Fantasy XI,Gustaberg,3,5,8,,143,167,231,347,,167,231,347,0,1.17,1.62,2.43,,1.17,1.62,2.43,,38%,50%,,,,,,,0,0,,,,,,0,0,,,,,,0,0,,,,,,,
,FMS,Final Fantasy XI,Heavens Tower,2,4,7,,119,168,228,277,,168,228,277,0,1.41,1.92,2.33,,1.41,1.92,2.33,,36%,21%,,,,,,,0,0,,,,,,0,0,,,,,,0,0,,,,,,,
,BMS,Final Fantasy XI,Iron Colossus,2,4,8,,129,155,238,367,,155,238,367,0,1.20,1.84,2.84,,1.20,1.84,2.84,,54%,54%,,,,,,,0,0,,,,,,0,0,,,,,,0,0,,,,,,,
,BMS,Final Fantasy XI,Melodies Errant,3,6,10,,109,154,227,407,,154,227,407,0,1.41,2.08,3.73,,1.41,2.08,3.73,,47%,79%,,,,,,,0,0,,,,,,0,0,,,,,,0,0,,,,,,,
,BMS,Final Fantasy XI,Ragnarok,2,6,9,12,124,130,230,321,536,130,230,321,536,1.05,1.85,2.59,4.32,1.05,1.85,2.59,4.32,77%,40%,67%,,,,,,0,0,,,,,,0,0,,,,,,0,0,,,,,,0,0
,FMS,Final Fantasy XI,Recollection,2,4,7,,172,175,313,401,,175,313,401,0,1.02,1.82,2.33,,1.02,1.82,2.33,,79%,28%,,,,,,,0,0,,,,,,0,0,,,,,,0,0,,,,,,,
,FMS,Final Fantasy XI,Ronfaure,3,4,8,,125,172,234,298,,172,234,298,0,1.38,1.87,2.38,,1.38,1.87,2.38,,36%,27%,,,,,,,0,0,,,,,,0,0,,,,,,0,0,,,,,,,
,FMS,Final Fantasy XI,Sarutabaruta,2,4,7,,131,133,246,365,,133,246,365,0,1.02,1.88,2.79,,1.02,1.88,2.79,,85%,48%,,,,,,,0,0,,,,,,0,0,,,,,,0,0,,,,,,,
,FMS,Final Fantasy XI,Selbina,4,5,10,,117,166,234,415,,166,234,415,0,1.42,2.00,3.55,,1.42,2.00,3.55,,41%,77%,,,,,,,0,0,,,,,,0,0,,,,,,0,0,,,,,,,
,BMS,Final Fantasy XI,Shinryu,3,4,9,13,181,216,250,555,775,216,250,555,775,1.19,1.38,3.07,4.28,1.19,1.38,3.07,4.28,16%,122%,40%,,,,,,0,0,,,,,,0,0,,,,,,0,0,,,,,,0,0
,FMS,Final Fantasy XI,The Sanctuary of Zi'Tah,2,3,7,,129,168,239,304,,168,239,304,0,1.30,1.85,2.36,,1.30,1.85,2.36,,42%,27%,,,,,,,0,0,,,,,,0,0,,,,,,0,0,,,,,,,
,BMS,Final Fantasy XI,Tough Battle #2,2,4,9,,129,155,209,467,,153,204,463,0,1.20,1.62,3.62,,1.19,1.58,3.59,,35%,123%,,65,24,55,9,2,32,23,68,52,65,19,5,42,23,189,116,137,21,4,79,58,,,,,,,
,FMS,Final Fantasy XI,Vana'diel March,3,5,8,,122,190,256,301,,190,256,301,0,1.56,2.10,2.47,,1.56,2.10,2.47,,35%,18%,,,,,,,0,0,,,,,,0,0,,,,,,0,0,,,,,,,
,FMS,Final Fantasy XI,Voyager,3,5,8,,105,137,180,279,,137,180,279,0,1.30,1.71,2.66,,1.30,1.71,2.66,,31%,55%,,,,,,,0,0,,,,,,0,0,,,,,,0,0,,,,,,,
,BMS,Final Fantasy XII,Battle with an Esper,3,5,8,,126,130,229,359,,130,229,359,0,1.03,1.82,2.85,,1.03,1.82,2.85,,76%,57%,,,,,,,0,0,,,,,,0,0,,,,,,0,0,,,,,,,
,BMS,Final Fantasy XII,Boss Battle,2,5,8,,128,138,238,341,,138,238,341,0,1.08,1.86,2.66,,1.08,1.86,2.66,,72%,43%,,,,,,,0,0,,,,,,0,0,,,,,,0,0,,,,,,,
,BMS,Final Fantasy XII,Ending Movie (from FINAL FANTASY XII Original Soundtrack),4,6,10,,140,218,298,418,,218,298,418,0,1.56,2.13,2.99,,1.56,2.13,2.99,,37%,40%,,,,,,,0,0,,,,,,0,0,,,,,,0,0,,,,,,,
,BMS,Final Fantasy XII,FINAL FANTASY (FFXII Version),3,4,8,,118,158,232,326,,158,232,326,0,1.34,1.97,2.76,,1.34,1.97,2.76,,47%,41%,,,,,,,0,0,,,,,,0,0,,,,,,0,0,,,,,,,
,BMS,Final Fantasy XII,Flash of Steel,3,5,6,11,118,165,225,300,545,165,225,300,545,1.40,1.91,2.54,4.62,1.40,1.91,2.54,4.62,36%,33%,82%,,,,,,0,0,,,,,,0,0,,,,,,0,0,,,,,,0,0
,FMS,Final Fantasy XII,Giza Plains (from FINAL FANTASY XII Original Soundtrack),2,5,9,,140,150,292,405,,150,292,405,0,1.07,2.09,2.89,,1.07,2.09,2.89,,95%,39%,,,,,,,0,0,,,,,,0,0,,,,,,0,0,,,,,,,
,FMS,Final Fantasy XII,Heart of a Child,3,5,10,,116,166,242,409,,166,242,409,0,1.43,2.09,3.53,,1.43,2.09,3.53,,46%,69%,,,,,,,0,0,,,,,,0,0,,,,,,0,0,,,,,,,
DX,FMS,Final Fantasy XII,Kiss Me Good-Bye-featured in FINAL FANTASY XII-,1,4,6,,139,139,169,244,,72,85,137,0,1.00,1.22,1.76,,0.52,0.61,0.99,,22%,44%,,16,8,45,3,67,24,21,8,21,51,5,84,28,23,43,28,51,15,107,33,18,,,,,,,
,BMS,Final Fantasy XII,Life and Death,2,5,9,,125,152,267,395,,152,267,395,0,1.22,2.14,3.16,,1.22,2.14,3.16,,76%,48%,,,,,,,0,0,,,,,,0,0,,,,,,0,0,,,,,,,
,FMS,Final Fantasy XII,Phon Coast,3,5,9,12,118,154,216,343,417,154,216,343,417,1.31,1.83,2.91,3.53,1.31,1.83,2.91,3.53,40%,59%,22%,,,,,,0,0,,,,,,0,0,,,,,,0,0,,,,,,0,0
,FMS,Final Fantasy XII,Streets of Rabanastre,4,6,8,,114,173,259,285,,173,259,285,0,1.52,2.27,2.50,,1.52,2.27,2.50,,50%,10%,,,,,,,0,0,,,,,,0,0,,,,,,0,0,,,,,,,
,BMS,Final Fantasy XII,Struggle for Freedom,3,4,9,12,146,199,280,471,550,199,280,471,550,1.36,1.92,3.23,3.77,1.36,1.92,3.23,3.77,41%,68%,17%,,,,,,0,0,,,,,,0,0,,,,,,0,0,,,,,,0,0
DX,FMS,Final Fantasy XII,"Symphonic Poem ""Hope"" ~FINAL FANTASY XII PV ver.~",2,4,8,,233,238,306,515,,238,306,515,0,1.02,1.31,2.21,,1.02,1.31,2.21,,29%,68%,,,,,,,0,0,,,,,,0,0,,,,,,0,0,,,,,,,
,FMS,Final Fantasy XII,The Archadian Empire - original - from FINAL FANTASY XII,3,5,8,,139,170,272,470,,170,272,470,0,1.22,1.96,3.38,,1.22,1.96,3.38,,60%,73%,,,,,,,0,0,,,,,,0,0,,,,,,0,0,,,,,,,
,EMS,Final Fantasy XII,The Archadian Empire - original - from FINAL FANTASY XII (EMS),2,5,8,,142,149,194,283,,149,194,283,0,1.05,1.37,1.99,,1.05,1.37,1.99,,30%,46%,,,,,,,0,0,,,,,,0,0,,,,,,0,0,,,,,,,
,FMS,Final Fantasy XII,The Dalmasca Estersand,2,5,8,12,129,145,231,356,541,145,231,356,541,1.12,1.79,2.76,4.19,1.12,1.79,2.76,4.19,59%,54%,52%,,,,,,0,0,,,,,,0,0,,,,,,0,0,,,,,,0,0
,FMS,Final Fantasy XII,The Mosphoran Highwaste,3,5,8,,123,160,232,305,,160,232,305,0,1.30,1.89,2.48,,1.30,1.89,2.48,,45%,31%,,,,,,,0,0,,,,,,0,0,,,,,,0,0,,,,,,,
,BMS,Final Fantasy XIII,Blinded By Light,3,4,8,12,159,232,324,415,617,232,324,415,617,1.46,2.04,2.61,3.88,1.46,2.04,2.61,3.88,40%,28%,49%,,,,,,0,0,,,,,,0,0,,,,,,0,0,,,,,,0,0
,BMS,Final Fantasy XIII,Defiers of Fate,4,5,8,13,144,182,233,340,489,182,233,340,489,1.26,1.62,2.36,3.40,1.26,1.62,2.36,3.40,28%,46%,44%,,,,,,0,0,,,,,,0,0,,,,,,0,0,,,,,,0,0
,EMS,Final Fantasy XIII,Defiers of Fate (EMS),3,5,9,,147,156,190,238,,156,190,238,0,1.06,1.29,1.62,,1.06,1.29,1.62,,22%,25%,,,,,,,0,0,,,,,,0,0,,,,,,0,0,,,,,,,
,BMS,Final Fantasy XIII,Desperate Struggle,2,5,8,,105,99,166,252,,99,166,252,0,0.94,1.58,2.40,,0.94,1.58,2.40,,68%,52%,,,,,,,0,0,,,,,,0,0,,,,,,0,0,,,,,,,
,FMS,Final Fantasy XIII,Dust to Dust,2,4,6,,123,132,191,285,,132,191,285,0,1.07,1.55,2.32,,1.07,1.55,2.32,,45%,49%,,,,,,,0,0,,,,,,0,0,,,,,,0,0,,,,,,,
,BMS,Final Fantasy XIII,Eden Under Siege,2,3,8,,151,134,214,344,,134,214,344,0,0.89,1.42,2.28,,0.89,1.42,2.28,,60%,61%,,,,,,,0,0,,,,,,0,0,,,,,,0,0,,,,,,,
DX,FMS,Final Fantasy XIII,Eternal Love,2,5,8,,184,183,289,441,,183,289,441,0,0.99,1.57,2.40,,0.99,1.57,2.40,,58%,53%,,,,,,,0,0,,,,,,0,0,,,,,,0,0,,,,,,,
,BMS,Final Fantasy XIII,Fighting Fate,3,4,8,12,134,178,282,391,530,178,282,391,530,1.33,2.10,2.92,3.96,1.33,2.10,2.92,3.96,58%,39%,36%,,,,,,0,0,,,,,,0,0,,,,,,0,0,,,,,,0,0
,FMS,Final Fantasy XIII,March of the Dreadnoughts,3,5,10,,133,158,292,401,,158,292,401,0,1.19,2.20,3.02,,1.19,2.20,3.02,,85%,37%,,,,,,,0,0,,,,,,0,0,,,,,,0,0,,,,,,,
,BMS,Final Fantasy XIII,Nascent Requiem,4,6,8,14,164,198,406,562,847,198,406,562,847,1.21,2.48,3.43,5.16,1.21,2.48,3.43,5.16,105%,38%,51%,,,,,,0,0,,,,,,0,0,,,,,,0,0,,,,,,0,0
,BMS,Final Fantasy XIII,Saber's Edge,2,5,9,,166,185,323,581,,185,323,581,0,1.11,1.95,3.50,,1.11,1.95,3.50,,75%,80%,,,,,,,0,0,,,,,,0,0,,,,,,0,0,,,,,,,
,FMS,Final Fantasy XIII,The Archylte Steppe,2,4,7,,128,109,170,312,,109,170,312,0,0.85,1.33,2.44,,0.85,1.33,2.44,,56%,84%,,,,,,,0,0,,,,,,0,0,,,,,,0,0,,,,,,,
,FMS,Final Fantasy XIII,The Gapra Whitewood,2,4,7,,122,160,189,285,,160,189,285,0,1.31,1.55,2.34,,1.31,1.55,2.34,,18%,51%,,,,,,,0,0,,,,,,0,0,,,,,,0,0,,,,,,,
,FMS,Final Fantasy XIII,The Sunleth Waterscape,3,5,9,12,122,170,215,336,540,170,215,336,540,1.39,1.76,2.75,4.43,1.39,1.76,2.75,4.43,26%,56%,61%,,,,,,0,0,,,,,,0,0,,,,,,0,0,,,,,,0,0
,BMS,Final Fantasy XIII,Will to Fight,3,5,8,,117,131,182,277,,95,137,269,0,1.12,1.56,2.37,,0.81,1.17,2.30,,39%,52%,,13,20,61,1,36,31,30,42,27,59,9,45,34,25,116,103,50,0,8,25,25,,,,,,,
,FMS,Final Fantasy XIV,A Light in the Storm,3,4,9,,134,160,221,395,,160,221,395,0,1.19,1.65,2.95,,1.19,1.65,2.95,,38%,79%,,,,,,,0,0,,,,,,0,0,,,,,,0,0,,,,,,,
,BMS,Final Fantasy XIV,A Long Fall,3,6,10,14,143,273,352,460,753,228,291,455,715,1.91,2.46,3.22,5.27,1.59,2.03,3.18,5.00,29%,31%,64%,84,22,120,2,45,61,59,113,48,128,2,61,65,63,192,83,168,12,5,90,78,342,149,224,0,38,112,112
,EMS,Final Fantasy XIV,Answers,1,3,6,,173,125,193,241,,122,186,233,0,0.72,1.12,1.39,,0.71,1.08,1.35,,54%,25%,,45,42,30,4,3,17,13,62,42,76,6,7,41,35,93,66,69,5,8,37,32,,,,,,,
,FMS,Final Fantasy XIV,Engage,3,5,9,11,131,161,250,360,525,161,250,360,525,1.23,1.91,2.75,4.01,1.23,1.91,2.75,4.01,55%,44%,46%,,,,,,0,0,,,,,,0,0,,,,,,0,0,,,,,,0,0
,BMS,Final Fantasy XIV,Exponential Entropy,3,5,9,13,173,219,366,619,910,219,366,619,910,1.27,2.12,3.58,5.26,1.27,2.12,3.58,5.26,67%,69%,47%,,,,,,0,0,,,,,,0,0,,,,,,0,0,,,,,,0,0
,BMS,Final Fantasy XIV,Fallen Angel,2,4,9,13,154,175,282,478,755,175,282,478,755,1.14,1.83,3.10,4.90,1.14,1.83,3.10,4.90,61%,70%,58%,,,,,,0,0,,,,,,0,0,,,,,,0,0,,,,,,0,0
,BMS,Final Fantasy XIV,Good King Moggle Mog XII,3,4,8,,163,210,323,502,,210,323,502,0,1.29,1.98,3.08,,1.29,1.98,3.08,,54%,55%,,,,,,,0,0,,,,,,0,0,,,,,,0,0,,,,,,,
,BMS,Final Fantasy XIV,Hard to Miss,2,5,9,,102,104,174,310,,104,174,310,0,1.02,1.71,3.04,,1.02,1.71,3.04,,67%,78%,,,,,,,0,0,,,,,,0,0,,,,,,0,0,,,,,,,
,BMS,Final Fantasy XIV,Heroes,2,4,8,11,116,108,175,308,441,108,175,308,441,0.93,1.51,2.66,3.80,0.93,1.51,2.66,3.80,62%,76%,43%,,,,,,0,0,,,,,,0,0,,,,,,0,0,,,,,,0,0
,FMS,Final Fantasy XIV,Ink Long Dry,3,5,10,13,144,182,263,466,607,182,263,466,607,1.26,1.83,3.24,4.22,1.26,1.83,3.24,4.22,45%,77%,30%,,,,,,0,0,,,,,,0,0,,,,,,0,0,,,,,,0,0
,BMS,Final Fantasy XIV,Locus,3,5,9,13,135,211,301,435,634,211,301,435,634,1.56,2.23,3.22,4.70,1.56,2.23,3.22,4.70,43%,45%,46%,,,,,,0,0,,,,,,0,0,,,,,,0,0,,,,,,0,0
,BMS,Final Fantasy XIV,Metal - Brute Justice Mode,4,6,9,13,138,223,321,441,609,223,321,441,609,1.62,2.33,3.20,4.41,1.62,2.33,3.20,4.41,44%,37%,38%,,,,,,0,0,,,,,,0,0,,,,,,0,0,,,,,,0,0
,BMS,Final Fantasy XIV,Moebius,3,5,8,11,118,166,214,272,459,166,214,272,459,1.41,1.81,2.31,3.89,1.41,1.81,2.31,3.89,29%,27%,69%,,,,,,0,0,,,,,,0,0,,,,,,0,0,,,,,,0,0
,BMS,Final Fantasy XIV,Nemesis,2,4,10,,140,154,248,442,,154,248,442,0,1.10,1.77,3.16,,1.10,1.77,3.16,,61%,78%,,,,,,,0,0,,,,,,0,0,,,,,,0,0,,,,,,,
,BMS,Final Fantasy XIV,Oblivion,3,4,9,13,136,170,260,415,655,170,260,415,655,1.25,1.91,3.05,4.82,1.25,1.91,3.05,4.82,53%,60%,58%,,,,,,0,0,,,,,,0,0,,,,,,0,0,,,,,,0,0
,BMS,Final Fantasy XIV,Ominous Prognisticks,2,4,8,12,116,132,215,315,413,132,215,315,413,1.14,1.85,2.72,3.56,1.14,1.85,2.72,3.56,63%,47%,31%,,,,,,0,0,,,,,,0,0,,,,,,0,0,,,,,,0,0
,FMS,Final Fantasy XIV,On Westerly Winds,3,4,7,,150,185,266,368,,185,266,368,0,1.23,1.77,2.45,,1.23,1.77,2.45,,44%,38%,,,,,,,0,0,,,,,,0,0,,,,,,0,0,,,,,,,
,BMS,Final Fantasy XIV,Primal Judgment,2,5,9,,148,172,267,443,,172,267,443,0,1.16,1.80,2.99,,1.16,1.80,2.99,,55%,66%,,,,,,,0,0,,,,,,0,0,,,,,,0,0,,,,,,,
,BMS,Final Fantasy XIV,Promises to Keep,3,6,9,,159,275,407,465,,275,407,465,0,1.73,2.56,2.92,,1.73,2.56,2.92,,48%,14%,,,,,,,0,0,,,,,,0,0,,,,,,0,0,,,,,,,
,BMS,Final Fantasy XIV,Rise,3,6,9,14,119,145,211,353,567,145,211,353,567,1.22,1.77,2.97,4.76,1.22,1.77,2.97,4.76,46%,67%,61%,,,,,,0,0,,,,,,0,0,,,,,,0,0,,,,,,0,0
,FMS,Final Fantasy XIV,Serenity,3,5,8,,104,137,203,291,,137,203,291,0,1.32,1.95,2.80,,1.32,1.95,2.80,,48%,43%,,,,,,,0,0,,,,,,0,0,,,,,,0,0,,,,,,,
,BMS,Final Fantasy XIV,Sunrise,2,5,8,,125,150,204,305,,150,204,305,0,1.20,1.63,2.44,,1.20,1.63,2.44,,36%,50%,,,,,,,0,0,,,,,,0,0,,,,,,0,0,,,,,,,
,BMS,Final Fantasy XIV,The Land Breathes,3,5,7,,142,178,269,426,,178,269,426,0,1.25,1.89,3.00,,1.25,1.89,3.00,,51%,58%,,,,,,,0,0,,,,,,0,0,,,,,,0,0,,,,,,,
,BMS,Final Fantasy XIV,The Worm's Tail,3,5,9,14,147,216,290,405,616,216,290,405,616,1.47,1.97,2.76,4.19,1.47,1.97,2.76,4.19,34%,40%,52%,,,,,,0,0,,,,,,0,0,,,,,,0,0,,,,,,0,0
,BMS,Final Fantasy XIV,Through the Maelstrom,3,4,9,12,151,178,264,478,723,178,264,478,723,1.18,1.75,3.17,4.79,1.18,1.75,3.17,4.79,48%,81%,51%,,,,,,0,0,,,,,,0,0,,,,,,0,0,,,,,,0,0
,FMS,Final Fantasy XIV,To the Sun,3,4,8,,140,162,217,379,,162,217,379,0,1.16,1.55,2.71,,1.16,1.55,2.71,,34%,75%,,,,,,,0,0,,,,,,0,0,,,,,,0,0,,,,,,,
,BMS,Final Fantasy XIV,Torn from the Heavens,3,4,9,11,125,172,269,441,545,172,269,441,545,1.38,2.15,3.53,4.36,1.38,2.15,3.53,4.36,56%,64%,24%,,,,,,0,0,,,,,,0,0,,,,,,0,0,,,,,,0,0
,BMS,Final Fantasy XIV,Triumph,3,5,9,,174,264,304,536,,264,304,536,0,1.52,1.75,3.08,,1.52,1.75,3.08,,15%,76%,,,,,,,0,0,,,,,,0,0,,,,,,0,0,,,,,,,
,BMS,Final Fantasy XIV,Ultima,2,4,9,12,175,171,289,542,660,171,289,542,660,0.98,1.65,3.10,3.77,0.98,1.65,3.10,3.77,69%,88%,22%,,,,,,0,0,,,,,,0,0,,,,,,0,0,,,,,,0,0
,BMS,Final Fantasy XIV,Under the Weight,4,5,10,13,141,234,331,493,686,224,325,493,686,1.66,2.35,3.50,4.87,1.59,2.30,3.50,4.87,41%,49%,39%,100,24,88,12,10,50,38,155,64,86,20,6,53,33,202,127,147,17,0,82,65,264,170,140,12,0,76,64
,BMS,Final Fantasy XIV,Wayward Daughter,2,5,8,14,161,140,204,321,720,140,204,321,720,0.87,1.27,1.99,4.47,0.87,1.27,1.99,4.47,46%,57%,124%,,,,,,0,0,,,,,,0,0,,,,,,0,0,,,,,,0,0
,BMS,Final Fantasy XIV,What Angel Wakes Me,3,5,9,11,158,195,251,380,541,137,221,359,540,1.23,1.59,2.41,3.42,0.87,1.40,2.27,3.42,29%,51%,42%,29,34,68,6,58,37,31,114,61,46,0,30,23,23,225,66,55,13,21,34,21,278,176,77,9,1,43,34
,BMS,Final Fantasy XIV,Who Brings Shadow,3,6,9,12,239,315,452,611,890,294,401,568,889,1.32,1.89,2.56,3.72,1.23,1.68,2.38,3.72,43%,35%,46%,142,38,111,3,21,57,54,215,82,100,4,51,52,48,265,107,196,0,43,98,98,494,239,156,0,1,78,78
,EMS,Final Fantasy XV,APOCALYPSIS NOCTIS,3,6,9,,252,409,633,784,,291,525,627,0,1.62,2.51,3.11,,1.15,2.08,2.49,,55%,24%,,139,52,94,6,118,50,44,250,107,163,5,108,84,79,233,202,188,4,157,96,92,,,,,,,
,BMS,Final Fantasy XV,APOCALYPSIS NOCTIS (Uncovered Trailer),3,5,9,13,127,195,296,389,603,177,296,381,603,1.54,2.33,3.06,4.75,1.39,2.33,3.00,4.75,52%,31%,55%,56,37,82,2,18,42,40,156,38,98,4,0,51,47,208,115,57,1,8,29,28,359,158,86,0,0,43,43
,FMS,Final Fantasy XV,EPISODE IGNIS - The Main Theme,4,6,9,,146,178,219,259,,178,219,259,0,1.22,1.50,1.77,,1.22,1.50,1.77,,23%,18%,,,,,,,0,0,,,,,,0,0,,,,,,0,0,,,,,,,
,FMS,Final Fantasy XV,Flying R,3,4,8,12,133,155,222,297,475,155,222,297,475,1.17,1.67,2.23,3.57,1.17,1.67,2.23,3.57,43%,34%,60%,,,,,,0,0,,,,,,0,0,,,,,,0,0,,,,,,0,0
,BMS,Final Fantasy XV,Hellfire,3,5,9,12,154,210,297,378,559,210,297,378,559,1.36,1.93,2.45,3.63,1.36,1.93,2.45,3.63,41%,27%,48%,,,,,,0,0,,,,,,0,0,,,,,,0,0,,,,,,0,0
,FMS,Final Fantasy XV,Home Sweet Home - Theme of EPISODE PROMPTO,2,4,8,,192,219,249,292,,219,249,292,0,1.14,1.30,1.52,,1.14,1.30,1.52,,14%,17%,,,,,,,0,0,,,,,,0,0,,,,,,0,0,,,,,,,
,BMS,Final Fantasy XV,Invidia,4,5,9,13,153,168,250,379,586,168,250,379,586,1.10,1.63,2.48,3.83,1.10,1.63,2.48,3.83,49%,52%,55%,,,,,,0,0,,,,,,0,0,,,,,,0,0,,,,,,0,0
,BMS,Final Fantasy XV,Magna Insomnia,5,6,9,13,316,439,570,772,1194,439,570,772,1194,1.39,1.80,2.44,3.78,1.39,1.80,2.44,3.78,30%,35%,55%,,,,,,0,0,,,,,,0,0,,,,,,0,0,,,,,,0,0
,FMS,Final Fantasy XV,Main Theme from FINAL FANTASY,3,5,8,,124,133,206,280,,133,206,280,0,1.07,1.66,2.26,,1.07,1.66,2.26,,55%,36%,,,,,,,0,0,,,,,,0,0,,,,,,0,0,,,,,,,
,FMS,Final Fantasy XV,NOCTIS,3,5,9,,130,158,226,325,,158,226,325,0,1.22,1.74,2.50,,1.22,1.74,2.50,,43%,44%,,,,,,,0,0,,,,,,0,0,,,,,,0,0,,,,,,,
,BMS,Final Fantasy XV,OMNIS LACRIMA,3,4,8,12,140,154,258,339,536,154,258,339,536,1.10,1.84,2.42,3.83,1.10,1.84,2.42,3.83,68%,31%,58%,,,,,,0,0,,,,,,0,0,,,,,,0,0,,,,,,0,0
,FMS,Final Fantasy XV,Shield of the King - Theme of EPISODE GLADIOLUS,3,5,8,,129,158,203,273,,158,203,273,0,1.22,1.57,2.12,,1.22,1.57,2.12,,28%,34%,,,,,,,0,0,,,,,,0,0,,,,,,0,0,,,,,,,
,FMS,Final Fantasy XV,Somnus,3,4,6,,146,171,240,330,,171,240,330,0,1.17,1.64,2.26,,1.17,1.64,2.26,,40%,38%,,,,,,,0,0,,,,,,0,0,,,,,,0,0,,,,,,,
,BMS,Final Fantasy XV,Stand Your Ground,3,5,10,,107,134,192,281,,134,192,281,0,1.25,1.79,2.63,,1.25,1.79,2.63,,43%,46%,,,,,,,0,0,,,,,,0,0,,,,,,0,0,,,,,,,
,BMS,Final Fantasy XV,The Dance of Silver and Crimson,3,5,9,14,212,369,441,731,1002,369,441,731,1002,1.74,2.08,3.45,4.73,1.74,2.08,3.45,4.73,20%,66%,37%,,,,,,0,0,,,,,,0,0,,,,,,0,0,,,,,,0,0
,BMS,Final Fantasy XV,The Fight Is On!,3,5,8,,143,196,257,379,,196,257,379,0,1.37,1.80,2.65,,1.37,1.80,2.65,,31%,47%,,,,,,,0,0,,,,,,0,0,,,,,,0,0,,,,,,,
,BMS,Final Fantasy XV,Up for the Challenge,3,5,8,11,110,143,221,303,344,143,221,303,344,1.30,2.01,2.75,3.13,1.30,2.01,2.75,3.13,55%,37%,14%,,,,,,0,0,,,,,,0,0,,,,,,0,0,,,,,,0,0
,FMS,Final Fantasy XV,Valse di Fantastica,3,5,10,12,129,183,272,446,563,183,272,446,563,1.42,2.11,3.46,4.36,1.42,2.11,3.46,4.36,49%,64%,26%,,,,,,0,0,,,,,,0,0,,,,,,0,0,,,,,,0,0
,BMS,Final Fantasy XV,Veiled in Black,3,4,9,12,132,159,237,367,522,159,237,367,522,1.20,1.80,2.78,3.95,1.20,1.80,2.78,3.95,49%,55%,42%,,,,,,0,0,,,,,,0,0,,,,,,0,0,,,,,,0,0
DLC,BMS,Final Fantasy XVI,Ascension,3,5,9,14,253,330,450,645,1044,330,450,645,1044,1.30,1.78,2.55,4.13,1.30,1.78,2.55,4.13,36%,43%,62%,,,,,,0,0,,,,,,0,0,,,,,,0,0,,,,,,0,0
DLC,BMS,Final Fantasy XVI,Away,3,5,10,14,237,310,409,691,1127,310,409,691,1127,1.31,1.73,2.92,4.76,1.31,1.73,2.92,4.76,32%,69%,63%,,,,,,0,0,,,,,,0,0,,,,,,0,0,,,,,,0,0
DLC,BMS,Final Fantasy XVI,Control,2,4,8,11,222,215,295,373,626,215,295,373,626,0.97,1.33,1.68,2.82,0.97,1.33,1.68,2.82,37%,26%,68%,,,,,,0,0,,,,,,0,0,,,,,,0,0,,,,,,0,0
DLC,BMS,Final Fantasy XVI,Find the Flame,4,5,9,13,107,158,221,281,499,158,221,281,499,1.48,2.07,2.63,4.66,1.48,2.07,2.63,4.66,40%,27%,78%,,,,,,0,0,,,,,,0,0,,,,,,0,0,,,,,,0,0
DLC,FMS,Final Fantasy XVI,"Hide, Hideaway",2,4,8,,151,178,273,325,,178,273,325,0,1.18,1.81,2.15,,1.18,1.81,2.15,,53%,19%,,,,,,,0,0,,,,,,0,0,,,,,,0,0,,,,,,,
DLC,BMS,Final Fantasy XVI,Logos,3,6,10,15,185,182,341,438,935,182,341,438,935,0.98,1.84,2.37,5.05,0.98,1.84,2.37,5.05,87%,28%,113%,,,,,,0,0,,,,,,0,0,,,,,,0,0,,,,,,0,0
DLC,FMS,Final Fantasy XVI,My Star,2,4,8,,284,228,326,446,,228,326,446,0,0.80,1.15,1.57,,0.80,1.15,1.57,,43%,37%,,,,,,,0,0,,,,,,0,0,,,,,,0,0,,,,,,,
DLC,BMS,Final Fantasy XVI,"No Risk, No Reward",3,5,9,12,143,176,314,376,537,176,314,376,537,1.23,2.20,2.63,3.76,1.23,2.20,2.63,3.76,78%,20%,43%,,,,,,0,0,,,,,,0,0,,,,,,0,0,,,,,,0,0
DLC,BMS,Final Fantasy XVI,The Riddle,3,6,10,14,180,228,372,600,1016,228,372,600,1016,1.27,2.07,3.33,5.64,1.27,2.07,3.33,5.64,63%,61%,69%,,,,,,0,0,,,,,,0,0,,,,,,0,0,,,,,,0,0
DLC,BMS,Final Fantasy XVI,Titan Lost,2,4,9,13,128,194,241,315,487,194,241,315,487,1.52,1.88,2.46,3.80,1.52,1.88,2.46,3.80,24%,31%,55%,,,,,,0,0,,,,,,0,0,,,,,,0,0,,,,,,0,0
DLC,BMS,Final Fantasy XVI,To Sail Forbidden Seas,2,5,9,12,185,193,350,434,679,193,350,434,679,1.04,1.89,2.35,3.67,1.04,1.89,2.35,3.67,81%,24%,56%,,,,,,0,0,,,,,,0,0,,,,,,0,0,,,,,,0,0
DLC,FMS,LIVE A LIVE,"Birds Fly, Fish Swim",2,5,8,,109,116,222,304,,116,222,304,0,1.06,2.04,2.79,,1.06,2.04,2.79,,91%,37%,,,,,,,0,0,,,,,,0,0,,,,,,0,0,,,,,,,
DLC,BMS,LIVE A LIVE,Go! Go! Steel Titan!,3,5,7,,62,86,138,180,,86,138,180,0,1.39,2.23,2.90,,1.39,2.23,2.90,,60%,30%,,,,,,,0,0,,,,,,0,0,,,,,,0,0,,,,,,,
DLC,BMS,LIVE A LIVE,LIVE ¬∑ A ¬∑ LIVE,3,6,9,14,123,159,263,352,634,132,217,300,614,1.29,2.14,2.86,5.15,1.07,1.76,2.44,4.99,65%,34%,80%,37,23,68,4,27,36,32,83,52,79,3,46,41,38,124,86,81,9,52,45,36,166,112,313,23,20,168,145
DLC,BMS,LIVE A LIVE,MEGALOMANIA,3,5,9,13,105,172,218,366,573,172,218,366,573,1.64,2.08,3.49,5.46,1.64,2.08,3.49,5.46,27%,68%,57%,,,,,,0,0,,,,,,0,0,,,,,,0,0,,,,,,0,0
DLC,BMS,Mana,Battle 2,3,5,9,,132,179,271,445,,179,271,445,0,1.36,2.05,3.37,,1.36,2.05,3.37,,51%,64%,,,,,,,0,0,,,,,,0,0,,,,,,0,0,,,,,,,
DLC,FMS,Mana,Bejeweled City in Ruins,2,4,7,,191,197,322,500,,197,322,500,0,1.03,1.69,2.62,,1.03,1.69,2.62,,63%,55%,,,,,,,0,0,,,,,,0,0,,,,,,0,0,,,,,,,
DLC,BMS,Mana,Danger,3,6,10,14,126,207,325,503,646,186,295,461,630,1.64,2.58,3.99,5.13,1.48,2.34,3.66,5.00,57%,55%,28%,83,31,67,5,21,36,31,110,57,101,27,30,64,37,176,81,173,31,42,102,71,270,186,162,12,16,87,75
DLC,BMS,Mana,Darkness Nova,2,5,9,13,133,135,213,415,599,135,213,415,599,1.02,1.60,3.12,4.50,1.02,1.60,3.12,4.50,58%,95%,44%,,,,,,0,0,,,,,,0,0,,,,,,0,0,,,,,,0,0
DLC,FMS,Mana,Hometown of Domina,3,5,9,,119,154,236,380,,154,236,380,0,1.29,1.98,3.19,,1.29,1.98,3.19,,53%,61%,,,,,,,0,0,,,,,,0,0,,,,,,0,0,,,,,,,
DLC,BMS,Mana,In Search of the Sword of Mana,3,5,8,,91,116,198,301,,116,198,301,0,1.27,2.18,3.31,,1.27,2.18,3.31,,71%,52%,,,,,,,0,0,,,,,,0,0,,,,,,0,0,,,,,,,
DLC,BMS,Mana,Into the Thick of It,3,4,10,,107,128,181,309,,128,181,309,0,1.20,1.69,2.89,,1.20,1.69,2.89,,41%,71%,,,,,,,0,0,,,,,,0,0,,,,,,0,0,,,,,,,
DLC,FMS,Mana,Meridian Child,3,5,9,,150,158,292,391,,158,292,391,0,1.05,1.95,2.61,,1.05,1.95,2.61,,85%,34%,,,,,,,0,0,,,,,,0,0,,,,,,0,0,,,,,,,
DLC,BMS,Mana,Meridian Dance,4,5,9,13,109,170,224,363,468,170,224,363,468,1.56,2.06,3.33,4.29,1.56,2.06,3.33,4.29,32%,62%,29%,,,,,,0,0,,,,,,0,0,,,,,,0,0,,,,,,0,0
DLC,BMS,Mana,Nuclear Fusion,3,5,9,14,120,151,212,306,656,151,183,305,612,1.26,1.77,2.55,5.47,1.26,1.53,2.54,5.10,40%,44%,114%,53,26,72,0,0,36,36,64,27,78,14,29,46,32,169,52,78,6,1,42,36,132,112,352,16,44,184,168
DLC,FMS,Mana,Powell,3,6,10,,126,126,317,504,,126,317,504,0,1.00,2.52,4.00,,1.00,2.52,4.00,,152%,59%,,,,,,,0,0,,,,,,0,0,,,,,,0,0,,,,,,,
DLC,BMS,Mana,Sacrifice Part Three,4,5,9,13,233,353,478,781,1151,353,478,781,1151,1.52,2.05,3.35,4.94,1.52,2.05,3.35,4.94,35%,63%,47%,,,,,,0,0,,,,,,0,0,,,,,,0,0,,,,,,0,0
DLC,BMS,Mana,Swivel,3,4,10,,102,157,251,361,,157,251,361,0,1.54,2.46,3.54,,1.54,2.46,3.54,,60%,44%,,,,,,,0,0,,,,,,0,0,,,,,,0,0,,,,,,,
,BMS,Mobius FF,Bloodthirst,3,6,9,15,146,183,257,458,959,158,234,429,946,1.25,1.76,3.14,6.57,1.08,1.60,2.94,6.48,40%,78%,109%,54,24,79,1,25,40,39,118,26,79,11,23,45,34,217,64,138,10,29,74,64,496,124,319,7,13,163,156
,BMS,Mobius FF,Dancing Edge,3,5,8,14,114,170,254,366,563,170,254,366,563,1.49,2.23,3.21,4.94,1.49,2.23,3.21,4.94,49%,44%,54%,,,,,,0,0,,,,,,0,0,,,,,,0,0,,,,,,0,0
,BMS,Mobius FF,Femme Fatale,4,6,10,,116,170,244,330,,170,244,330,0,1.47,2.10,2.84,,1.47,2.10,2.84,,44%,35%,,,,,,,0,0,,,,,,0,0,,,,,,0,0,,,,,,,
,BMS,Mobius FF,Magic Madness,3,5,9,,107,176,251,379,,176,251,379,0,1.64,2.35,3.54,,1.64,2.35,3.54,,43%,51%,,,,,,,0,0,,,,,,0,0,,,,,,0,0,,,,,,,
,BMS,Mobius FF,Warrior of Light - Mobius Final Fantasy,3,4,8,12,111,142,196,294,465,142,196,294,465,1.28,1.77,2.65,4.19,1.28,1.77,2.65,4.19,38%,50%,58%,,,,,,0,0,,,,,,0,0,,,,,,0,0,,,,,,0,0
DLC,BMS,NieR,A Beautiful Song,2,4,8,,134,133,170,248,,133,170,248,0,0.99,1.27,1.85,,0.99,1.27,1.85,,28%,46%,,,,,,,0,0,,,,,,0,0,,,,,,0,0,,,,,,,
DLC,FMS,NieR,Amusement Park,2,3,7,11,132,146,195,262,303,146,195,262,303,1.11,1.48,1.98,2.30,1.11,1.48,1.98,2.30,34%,34%,16%,,,,,,0,0,,,,,,0,0,,,,,,0,0,,,,,,0,0
DLC,BMS,NieR,Dependent Weakling,3,6,10,13,142,212,267,426,512,212,267,426,512,1.49,1.88,3.00,3.61,1.49,1.88,3.00,3.61,26%,60%,20%,,,,,,0,0,,,,,,0,0,,,,,,0,0,,,,,,0,0
DLC,FMS,NieR,Emil's Shop,3,5,7,,107,142,220,318,,142,220,318,0,1.33,2.06,2.97,,1.33,2.06,2.97,,55%,45%,,,,,,,0,0,,,,,,0,0,,,,,,0,0,,,,,,,
DLC,BMS,NieR,Fleeting Words / Outsider,2,5,8,13,183,209,274,368,612,209,274,368,612,1.14,1.50,2.01,3.34,1.14,1.50,2.01,3.34,31%,34%,66%,,,,,,0,0,,,,,,0,0,,,,,,0,0,,,,,,0,0
DLC,BMS,NieR,Hills of Radiant Winds,3,6,9,,114,117,156,311,,117,156,311,0,1.03,1.37,2.73,,1.03,1.37,2.73,,33%,99%,,,,,,,0,0,,,,,,0,0,,,,,,0,0,,,,,,,
DLC,FMS,NieR,Kain√© / Salvation,3,5,7,,98,101,159,203,,101,159,203,0,1.03,1.62,2.07,,1.03,1.62,2.07,,57%,28%,,,,,,,0,0,,,,,,0,0,,,,,,0,0,,,,,,,
DLC,BMS,NieR,Shadowlord,3,5,9,13,272,263,373,604,900,263,373,604,900,0.97,1.37,2.22,3.31,0.97,1.37,2.22,3.31,42%,62%,49%,,,,,,0,0,,,,,,0,0,,,,,,0,0,,,,,,0,0
DLC,FMS,NieR,Song of the Ancients / Devola,2,5,8,,152,150,348,440,,150,348,440,0,0.99,2.29,2.89,,0.99,2.29,2.89,,132%,26%,,,,,,,0,0,,,,,,0,0,,,,,,0,0,,,,,,,
DLC,BMS,NieR,Song of the Ancients / Fate,4,6,9,13,156,261,313,472,645,261,313,472,645,1.67,2.01,3.03,4.13,1.67,2.01,3.03,4.13,20%,51%,37%,,,,,,0,0,,,,,,0,0,,,,,,0,0,,,,,,0,0
DLC,FMS,NieR,Weight of the World Kowaretasekainouta - Marina Kawano,1,4,8,,125,155,220,280,,103,154,237,0,1.24,1.76,2.24,,0.82,1.23,1.90,,42%,27%,,31,6,56,10,52,33,23,51,27,71,5,66,38,33,83,36,107,11,43,59,48,,,,,,,
DLC,BMS,Octopath Traveller,Battle at Journey's End,3,5,9,13,216,331,456,617,1019,331,456,617,1019,1.53,2.11,2.86,4.72,1.53,2.11,2.86,4.72,38%,35%,65%,,,,,,0,0,,,,,,0,0,,,,,,0,0,,,,,,0,0
DLC,BMS,Octopath Traveller,Daughter of the Dark God,3,6,10,,150,220,341,499,,220,341,499,0,1.47,2.27,3.33,,1.47,2.27,3.33,,55%,46%,,,,,,,0,0,,,,,,0,0,,,,,,0,0,,,,,,,
DLC,BMS,Octopath Traveller,Decisive Battle II,4,6,10,14,194,274,377,556,1069,248,362,524,1065,1.41,1.94,2.87,5.51,1.28,1.87,2.70,5.49,38%,47%,92%,71,39,131,7,26,69,62,113,63,167,19,15,93,74,173,105,213,33,32,123,90,481,214,357,13,4,185,172
DLC,FMS,Octopath Traveller,Octopath Traveller -Main Theme-,3,6,9,,150,128,378,458,,128,378,458,0,0.85,2.52,3.05,,0.85,2.52,3.05,,195%,21%,,,,,,,0,0,,,,,,0,0,,,,,,0,0,,,,,,,
DLC,FMS,Octopath Traveller,"Primrose, the Dancer",3,5,8,,128,252,325,357,,252,325,357,0,1.97,2.54,2.79,,1.97,2.54,2.79,,29%,10%,,,,,,,0,0,,,,,,0,0,,,,,,0,0,,,,,,,
DLC,FMS,SaGa,Alone,2,4,8,,164,159,294,364,,159,294,364,0,0.97,1.79,2.22,,0.97,1.79,2.22,,85%,24%,,,,,,,0,0,,,,,,0,0,,,,,,0,0,,,,,,,
DLC,BMS,SaGa,Ardent Rhythm,4,6,9,14,119,158,195,361,586,143,195,361,558,1.33,1.64,3.03,4.92,1.20,1.64,3.03,4.69,23%,85%,62%,74,25,42,2,15,22,20,79,52,59,5,0,32,27,181,92,64,24,0,44,20,242,166,138,12,28,75,63
DLC,BMS,SaGa,Battle #4,3,5,9,13,112,165,217,321,472,165,217,321,472,1.47,1.94,2.87,4.21,1.47,1.94,2.87,4.21,32%,48%,47%,,,,,,0,0,,,,,,0,0,,,,,,0,0,,,,,,0,0
DLC,BMS,SaGa,Battle #5,3,5,10,14,157,243,386,550,799,191,301,544,791,1.55,2.46,3.50,5.09,1.22,1.92,3.46,5.04,59%,42%,45%,81,32,78,0,52,39,39,149,38,106,8,85,57,49,242,92,170,40,6,105,65,403,178,190,20,8,105,85
DLC,BMS,SaGa,Battle Theme I,4,5,10,14,109,186,222,359,541,186,222,359,541,1.71,2.04,3.29,4.96,1.71,2.04,3.29,4.96,19%,62%,51%,,,,,,0,0,,,,,,0,0,,,,,,0,0,,,,,,0,0
DLC,BMS,SaGa,Beat Them Up!,3,6,10,,124,159,273,421,,159,273,421,0,1.28,2.20,3.40,,1.28,2.20,3.40,,72%,54%,,,,,,,0,0,,,,,,0,0,,,,,,0,0,,,,,,,
DLC,BMS,SaGa,Coup de Grace,3,5,10,14,149,211,311,492,923,211,311,492,923,1.42,2.09,3.30,6.19,1.42,2.09,3.30,6.19,47%,58%,88%,,,,,,0,0,,,,,,0,0,,,,,,0,0,,,,,,0,0
DLC,BMS,SaGa,Encounter with the Seven Heroes,3,5,10,13,165,204,338,568,810,204,338,568,810,1.24,2.05,3.44,4.91,1.24,2.05,3.44,4.91,66%,68%,43%,,,,,,0,0,,,,,,0,0,,,,,,0,0,,,,,,0,0
DLC,BMS,SaGa,Enraged Battle,3,6,8,,102,143,228,240,,143,228,240,0,1.40,2.24,2.35,,1.40,2.24,2.35,,59%,5%,,,,,,,0,0,,,,,,0,0,,,,,,0,0,,,,,,,
DLC,BMS,SaGa,Ever Higher,3,5,9,13,146,167,242,415,682,167,242,415,682,1.14,1.66,2.84,4.67,1.14,1.66,2.84,4.67,45%,71%,64%,,,,,,0,0,,,,,,0,0,,,,,,0,0,,,,,,0,0
DLC,BMS,SaGa,Feldschlacht III,4,6,8,12,124,192,249,410,577,192,249,410,577,1.55,2.01,3.31,4.65,1.55,2.01,3.31,4.65,30%,65%,41%,,,,,,0,0,,,,,,0,0,,,,,,0,0,,,,,,0,0
DLC,BMS,SaGa,Final Confrontation,3,6,10,14,138,163,279,466,783,163,279,463,783,1.18,2.02,3.38,5.67,1.18,2.02,3.36,5.67,71%,67%,68%,66,25,61,11,0,36,25,150,41,81,7,0,44,37,225,102,128,8,3,68,60,496,145,138,4,0,71,67
DLC,BMS,SaGa,Four Sinistrals Battle I,3,5,9,14,143,198,346,474,768,191,345,474,768,1.38,2.42,3.31,5.37,1.34,2.41,3.31,5.37,75%,37%,62%,94,31,57,9,7,33,24,178,65,92,10,1,51,41,184,134,118,38,0,78,40,413,223,128,4,0,66,62
DLC,BMS,SaGa,Four Sinistrals Battle II,3,5,10,14,124,148,240,461,815,138,240,461,815,1.19,1.94,3.72,6.57,1.11,1.94,3.72,6.57,62%,92%,77%,60,24,50,4,10,27,23,126,52,53,9,0,31,22,216,109,107,29,0,68,39,567,122,120,6,0,63,57
DLC,FMS,SaGa,Horrible Shadow,3,5,8,13,131,164,264,431,637,164,264,431,637,1.25,2.02,3.29,4.86,1.25,2.02,3.29,4.86,61%,63%,48%,,,,,,0,0,,,,,,0,0,,,,,,0,0,,,,,,0,0
DLC,BMS,SaGa,Mi√ügestalt,2,4,9,14,132,165,242,366,624,165,242,366,624,1.25,1.83,2.77,4.73,1.25,1.83,2.77,4.73,47%,51%,70%,,,,,,0,0,,,,,,0,0,,,,,,0,0,,,,,,0,0
DLC,BMS,SaGa,Struggle to the Death,4,6,9,,106,166,248,460,,166,248,460,0,1.57,2.34,4.34,,1.57,2.34,4.34,,49%,85%,,,,,,,0,0,,,,,,0,0,,,,,,0,0,,,,,,,
DLC,BMS,SaGa,T260G's Last Battle,3,6,9,14,139,179,290,476,716,179,290,476,716,1.29,2.09,3.42,5.15,1.29,2.09,3.42,5.15,62%,64%,50%,,,,,,0,0,,,,,,0,0,,,,,,0,0,,,,,,0,0
DLC,BMS,SaGa,The Celestial Protectors,3,6,9,13,170,226,374,540,698,226,374,540,698,1.33,2.20,3.18,4.11,1.33,2.20,3.18,4.11,65%,44%,29%,,,,,,0,0,,,,,,0,0,,,,,,0,0,,,,,,0,0
DLC,BMS,SaGa,The Conflict,3,5,9,13,103,144,211,325,525,144,211,325,525,1.40,2.05,3.16,5.10,1.40,2.05,3.16,5.10,47%,54%,62%,,,,,,0,0,,,,,,0,0,,,,,,0,0,,,,,,0,0
DLC,BMS,SaGa,The Ultimate Confrontation,3,5,9,11,145,175,273,449,606,175,273,449,606,1.21,1.88,3.10,4.18,1.21,1.88,3.10,4.18,56%,64%,35%,,,,,,0,0,,,,,,0,0,,,,,,0,0,,,,,,0,0
DLC,FMS,SaGa,Title Screen,2,4,7,,134,136,306,379,,136,306,379,0,1.01,2.28,2.83,,1.01,2.28,2.83,,125%,24%,,,,,,,0,0,,,,,,0,0,,,,,,0,0,,,,,,,
,BMS,Theatrhythm,Battle at the Big Bridge - TFF Menu Arrangement - From FFV,3,6,10,14,89,124,214,318,520,119,207,307,520,1.39,2.40,3.57,5.84,1.34,2.33,3.45,5.84,73%,49%,64%,65,26,24,4,5,14,10,75,36,91,5,7,48,43,113,76,115,3,11,59,56,263,113,143,1,0,72,71
,BMS,Theatrhythm,Battle at the Big Bridge - TFFAC Arrangement - From FFV,5,8,12,16,136,340,397,753,1247,337,382,739,1245,2.50,2.92,5.54,9.17,2.48,2.81,5.43,9.15,17%,90%,66%,179,56,100,2,3,51,49,153,95,134,0,15,67,67,418,157,162,2,14,82,80,755,228,254,8,2,131,123
,BMS,Theatrhythm,Choose Your Combatants - TFFCC Menu Arrangement - From FFT,3,5,10,,88,129,175,255,,129,175,255,0,1.47,1.99,2.90,,1.47,1.99,2.90,,36%,46%,,,,,,,0,0,,,,,,0,0,,,,,,0,0,,,,,,,
,BMS,Theatrhythm,FFVII Special Arrangement Medley - TFBL Arrangement - From FFVII,3,5,11,15,234,341,515,667,1364,312,396,645,1260,1.46,2.20,2.85,5.83,1.33,1.69,2.76,5.38,51%,30%,104%,133,35,135,9,29,72,63,166,52,165,13,119,89,76,327,126,186,6,22,96,90,793,195,267,5,104,136,131
,BMS,Theatrhythm,Fight With Seymour - TFFAC Arrangement - From FFX,3,6,9,15,148,220,285,516,964,210,269,508,964,1.49,1.93,3.49,6.51,1.42,1.82,3.43,6.51,30%,81%,87%,82,40,84,4,10,44,40,100,55,110,4,16,57,53,283,89,131,5,8,68,63,589,239,130,6,0,68,62
,BMS,Theatrhythm,J-E-N-O-V-A - TFFAC Arrangement - From FFVII,4,6,10,15,145,242,371,546,895,238,370,545,895,1.67,2.56,3.77,6.17,1.64,2.55,3.76,6.17,53%,47%,64%,115,19,94,10,4,52,42,192,58,114,6,1,60,54,286,91,157,11,1,84,73,592,199,104,0,0,52,52
,BMS,Theatrhythm,Locke's Theme - TFFAC Arrangement - From FFVI,4,6,10,15,137,218,320,400,846,216,320,396,846,1.59,2.34,2.92,6.18,1.58,2.34,2.89,6.18,47%,25%,112%,83,25,96,12,2,54,42,134,36,142,8,0,75,67,156,64,165,11,4,88,77,524,142,171,9,0,90,81
,BMS,Theatrhythm,Main Theme of Final Fantasy V - TFFAC Arrangement - From FFV,4,6,10,15,146,211,260,422,860,209,255,418,859,1.45,1.78,2.89,5.89,1.43,1.75,2.86,5.88,23%,62%,104%,88,49,70,2,2,36,34,89,64,89,13,5,51,38,124,110,176,8,4,92,84,454,211,188,6,1,97,91
,FMS,Theatrhythm,Matoya's Cave - TFFAC Arrangement - From FF,4,7,10,16,151,286,386,494,976,237,299,376,965,1.89,2.56,3.27,6.46,1.57,1.98,2.49,6.39,35%,28%,98%,120,21,93,3,49,48,45,153,58,75,13,87,44,31,175,91,90,20,118,55,35,576,229,136,24,11,80,56
,FMS,Theatrhythm,Prelude - TFFAC Menu Arrangement - From FF,3,5,9,14,107,127,220,381,616,84,200,240,599,1.19,2.06,3.56,5.76,0.79,1.87,2.24,5.60,73%,73%,62%,13,9,58,4,43,31,27,61,31,107,1,20,54,53,60,14,161,5,141,83,78,382,99,112,6,17,59,53
,FMS,Theatrhythm,Return of the Warrior - TFF Menu Arrangement - From FFIII,4,6,9,11,86,144,192,272,304,144,192,272,304,1.67,2.23,3.16,3.53,1.67,2.23,3.16,3.53,33%,42%,12%,,,,,,0,0,,,,,,0,0,,,,,,0,0,,,,,,0,0
,BMS,Theatrhythm,TFFCC Special Arrangement Medley - TFFAC Arrangement - From TFFCC,4,6,11,16,178,222,333,444,1111,222,333,444,1111,1.25,1.87,2.49,6.24,1.25,1.87,2.49,6.24,50%,33%,150%,88,30,103,1,0,52,51,122,45,162,4,0,83,79,141,97,200,6,0,103,97,759,244,106,2,0,54,52
,BMS,Theatrhythm,The Chaos Shrine - TFF Menu Arrangement - From FF,3,5,10,,89,118,163,254,,118,163,254,0,1.33,1.83,2.85,,1.33,1.83,2.85,,38%,56%,,,,,,,0,0,,,,,,0,0,,,,,,0,0,,,,,,,
,FMS,Theatrhythm,The Red Wings - TFFAC Arrangement - From FFIV,5,6,10,16,130,252,297,367,812,221,260,341,780,1.94,2.28,2.82,6.25,1.70,2.00,2.62,6.00,18%,24%,121%,102,33,84,2,31,43,41,122,38,83,17,37,50,33,202,45,78,16,26,47,31,467,123,172,18,32,95,77
,BMS,Theatrhythm,THEATRHYTHM FINAL BAR LINE Special Battle Arrangement Medley,4,7,10,14,228,444,555,888,1111,401,466,822,1012,1.95,2.43,3.89,4.87,1.76,2.04,3.61,4.44,25%,60%,25%,176,71,142,12,43,77,65,179,93,188,6,89,97,91,392,170,226,34,66,130,96,476,244,270,22,99,146,124
,EMS,Theatrhythm,THEATRHYTHM FINAL FANTASY CURTAIN CALL Special Arrangement Medley,3,5,8,,204,304,366,467,,304,366,467,0,1.49,1.79,2.29,,1.49,1.79,2.29,,20%,28%,,,,,,,0,0,,,,,,0,0,,,,,,0,0,,,,,,,
,BMS,Theatrhythm,THEATRHYTHM FINAL FANTASY CURTAIN CALL Special Arrangement Medley(Long Version),3,4,8,,284,385,587,840,,385,587,840,0,1.36,2.07,2.96,,1.36,2.07,2.96,,52%,43%,,,,,,,0,0,,,,,,0,0,,,,,,0,0,,,,,,,
DLC,BMS,TWEWY,Breaking Free,3,5,9,13,154,224,290,423,716,224,290,423,716,1.45,1.88,2.75,4.65,1.45,1.88,2.75,4.65,29%,46%,69%,,,,,,0,0,,,,,,0,0,,,,,,0,0,,,,,,0,0
DLC,FMS,TWEWY,Calling,3,5,7,,131,166,298,391,,166,298,391,0,1.27,2.27,2.98,,1.27,2.27,2.98,,80%,31%,,,,,,,0,0,,,,,,0,0,,,,,,0,0,,,,,,,
DLC,BMS,TWEWY,Someday,3,5,9,,125,187,248,381,,187,248,381,0,1.50,1.98,3.05,,1.50,1.98,3.05,,33%,54%,,,,,,,0,0,,,,,,0,0,,,,,,0,0,,,,,,,
DLC,BMS,TWEWY,Twister,3,5,9,11,77,125,188,310,372,114,172,297,372,1.62,2.44,4.03,4.83,1.48,2.23,3.86,4.83,50%,65%,20%,59,21,33,1,11,17,16,77,37,49,9,16,29,20,138,69,72,18,13,45,27,167,73,126,6,0,66,60
DLC,BMS,TWEWY,World Is Yours,4,6,10,14,243,490,643,846,1098,338,498,682,1092,2.02,2.65,3.48,4.52,1.39,2.05,2.81,4.49,31%,32%,30%,172,40,112,14,152,63,49,253,75,146,24,145,85,61,304,116,242,20,164,131,111,453,209,408,22,6,215,193
DLC,BMS,TWEWY,Your Ocean,2,4,8,,138,143,254,308,,118,249,280,0,1.04,1.84,2.23,,0.86,1.80,2.03,,78%,21%,,29,25,55,9,25,32,23,100,53,92,4,5,48,44,105,63,103,9,28,56,47,,,,,,,
DLC,BMS,Xenogears,Awakening,3,5,8,,134,155,201,305,,155,201,305,0,1.16,1.50,2.28,,1.16,1.50,2.28,,30%,52%,,,,,,,0,0,,,,,,0,0,,,,,,0,0,,,,,,,
DLC,BMS,Xenogears,Blazing Knights,3,5,8,,123,150,241,395,,150,241,395,0,1.22,1.96,3.21,,1.22,1.96,3.21,,61%,64%,,,,,,,0,0,,,,,,0,0,,,,,,0,0,,,,,,,
DLC,BMS,Xenogears,Soaring,3,4,8,12,162,169,271,473,580,169,271,473,580,1.04,1.67,2.92,3.58,1.04,1.67,2.92,3.58,60%,75%,23%,,,,,,0,0,,,,,,0,0,,,,,,0,0,,,,,,0,0